"","Name","Colour_Lib","K562_Rep_1_Normalized_Edit_Score","K562_Rep_3_Normalized_Edit_Score","K562_Rep_2_Normalized_Edit_Score","HEK293T_Rep_1_Normalized_Edit_Score","HEK293T_Rep_6_Normalized_Edit_Score","HEK293T_Rep_8_Normalized_Edit_Score","HEK293T_Rep_4_Normalized_Edit_Score","HEK293T_Rep_5_Normalized_Edit_Score","HEK293T_Rep_7_Normalized_Edit_Score","HEK293T_Rep_3_Normalized_Edit_Score","HEK293T_Rep_2_Normalized_Edit_Score","iPSC_Rep_3_Normalized_Edit_Score","iPSC_Rep_2_Normalized_Edit_Score","iPSC_Rep_4_Normalized_Edit_Score","iPSC_Rep_1_Normalized_Edit_Score","mESC_Rep_1_Normalized_Edit_Score","mESC_Rep_2_Normalized_Edit_Score","mESC_Rep_4_Normalized_Edit_Score","mESC_Rep_3_Normalized_Edit_Score"
"1","Callorhinchus_milii_RNU6-8_ENSCMIG00000009541","Div",NA,NA,NA,NA,NA,NA,NA,NA,NA,NA,NA,NA,NA,NA,NA,NA,NA,NA,NA
"2","Terrapene_carolina_triunguis_RNU6-8_ENSTMTG00000016059","Div",NA,NA,NA,NA,NA,NA,NA,NA,NA,NA,NA,NA,NA,NA,NA,NA,NA,NA,NA
"3","SynU61-20","Syn",NA,NA,NA,NA,NA,NA,NA,NA,NA,NA,NA,NA,NA,NA,NA,NA,NA,NA,NA
"4","Tupaia_belangeri_RNU6-8_ENSTBEG00000018722","Div",NA,NA,NA,NA,NA,NA,NA,NA,NA,NA,NA,NA,NA,NA,NA,NA,NA,NA,NA
"5","Cervus_hanglu_yarkandensis_RNU6-2_ENSCHYG00000001013","Div",NA,NA,NA,NA,NA,NA,NA,NA,NA,NA,NA,NA,NA,NA,NA,NA,NA,NA,NA
"6","SynU61-13","Syn",NA,NA,NA,NA,NA,NA,NA,NA,NA,NA,NA,NA,NA,NA,NA,NA,NA,NA,NA
"7","SynU61-43","Syn",NA,NA,NA,NA,NA,NA,NA,NA,NA,NA,NA,NA,NA,NA,NA,NA,NA,NA,NA
"8","SynU61_3BP_Spacer-96","Syn",NA,NA,NA,NA,NA,NA,NA,NA,NA,NA,NA,NA,NA,NA,NA,NA,NA,NA,NA
"9","Microtus_ochrogaster_RNU6-8_ENSMOCG00000005197","Div",NA,NA,NA,NA,NA,NA,NA,NA,NA,NA,NA,NA,NA,NA,NA,NA,NA,NA,NA
"10","SynU61-9","Syn",NA,NA,NA,NA,NA,NA,NA,NA,NA,NA,NA,NA,NA,NA,NA,NA,NA,NA,NA
"11","SynU61-34","Syn",NA,NA,NA,NA,NA,NA,NA,NA,NA,NA,NA,NA,NA,NA,NA,NA,NA,NA,NA
"12","SynU61_3BP_Spacer-94","Syn",NA,NA,NA,NA,NA,NA,NA,NA,NA,NA,NA,NA,NA,NA,NA,NA,NA,NA,NA
"13","SynU61_3BP_Spacer-83","Syn",NA,NA,NA,NA,NA,NA,NA,NA,NA,NA,NA,NA,NA,NA,NA,NA,NA,NA,NA
"14","SynU61_3BP_Spacer-100","Syn",NA,NA,NA,NA,NA,NA,NA,NA,NA,NA,NA,NA,NA,NA,NA,NA,NA,NA,NA
"15","Microtus_ochrogaster_RNU6-9_ENSMOCG00000005016","Div",NA,NA,NA,NA,NA,NA,NA,NA,NA,NA,NA,NA,NA,NA,NA,NA,NA,NA,NA
"16","SynU61_3BP_Spacer-109","Syn",NA,NA,NA,NA,NA,NA,NA,NA,NA,NA,NA,NA,NA,NA,NA,NA,NA,NA,NA
"17","SynU61-27","Syn",NA,NA,NA,NA,NA,NA,NA,NA,NA,NA,NA,NA,NA,NA,NA,NA,NA,NA,NA
"18","Papio_anubis_U6_ENSPANG00000031022","Div",NA,NA,NA,NA,NA,NA,NA,NA,NA,NA,NA,NA,NA,NA,NA,NA,NA,NA,NA
"19","SynU61_3BP_Spacer-106","Syn",NA,NA,NA,NA,NA,NA,NA,NA,NA,NA,NA,NA,NA,NA,NA,NA,NA,NA,NA
"20","SynU61_3BP_Spacer-86","Syn",NA,NA,NA,NA,NA,NA,NA,NA,NA,NA,NA,NA,NA,NA,NA,NA,NA,NA,NA
"21","SynU61-32","Syn",NA,NA,NA,NA,NA,NA,NA,NA,NA,NA,NA,NA,NA,NA,NA,NA,NA,NA,NA
"22","SynU61-28","Syn",NA,NA,NA,NA,NA,NA,NA,NA,NA,NA,NA,NA,NA,NA,NA,NA,NA,NA,NA
"23","SynU61-23","Syn",NA,NA,NA,NA,NA,NA,NA,NA,NA,NA,NA,NA,NA,NA,NA,NA,NA,NA,NA
"24","Bos_grunniens_U6-2_ENSBGRG00000007371","Div",NA,NA,NA,NA,NA,NA,NA,NA,NA,NA,NA,NA,NA,NA,NA,NA,NA,NA,NA
"25","SynU61-16","Syn",NA,NA,NA,NA,NA,NA,NA,NA,NA,NA,NA,NA,NA,NA,NA,NA,NA,NA,NA
"26","Salmo_salar_RNU6-8_ENSSSAG00000015687","Div",NA,NA,NA,NA,NA,NA,NA,NA,NA,NA,NA,NA,NA,NA,NA,NA,NA,NA,NA
"27","SynU6_VSPH-80","Syn",NA,NA,NA,NA,NA,NA,NA,NA,NA,NA,NA,NA,NA,NA,NA,NA,NA,NA,NA
"28","Papio_anubis_RNU6-9_ENSPANG00000032941","Div",NA,NA,NA,NA,NA,NA,NA,NA,NA,NA,NA,NA,NA,NA,NA,NA,NA,NA,NA
"29","SynU61_3BP_Spacer-97","Syn",NA,NA,NA,NA,NA,NA,NA,NA,NA,NA,NA,NA,NA,NA,NA,NA,NA,NA,NA
"30","SynU61-17","Syn",NA,NA,NA,NA,NA,NA,NA,NA,NA,NA,NA,NA,NA,NA,NA,NA,NA,NA,NA
"31","SynU6_VSPH-79","Syn",NA,NA,NA,NA,NA,NA,NA,NA,NA,NA,NA,NA,NA,NA,NA,NA,NA,NA,NA
"32","SynU61-25","Syn",NA,NA,NA,NA,NA,NA,NA,NA,NA,NA,NA,NA,NA,NA,NA,NA,NA,NA,NA
"33","SynU6_VSPH-58","Syn",NA,NA,NA,NA,NA,NA,NA,NA,NA,NA,NA,NA,NA,NA,NA,NA,NA,NA,NA
"34","SynU6_VSPH-59","Syn",0.113247537694257,0.326644107014824,2.85337482097627,0.110980079713619,22.4893071424832,NA,0.119705135073473,NA,6.63633661977708,5.85374437902502,9.38916601835174,0.0880416702016219,0.183249945247233,0.0352251673259804,1.5587296458155,1.105345080146,0.170507831213973,2.60684546427247,1.92226871793318
"35","SynU61_3BP_Spacer-112","Syn",0.10327910822064,NA,0.300255134354713,NA,0.0636947907636744,0.0784123546347723,0.218336572282868,0.0733385422006915,0.0340010333243943,0.0544742662686449,NA,0.0401459730154481,0.292459419391476,0.112435853339273,0.201023739566571,0.0948751892195694,0.0777495789796209,0.147875444832027,0.192837057025482
"36","SynU6_VSPH-65","Syn",3.92692747852056,3.04946485424305,5.26912792087253,5.03239490912708,3.5396030900063,2.63742054592277,4.47014465517244,14.8005690360192,6.26512462921801,6.05441289306461,4.93829995618286,4.93160549765901,2.93275554423714,3.6173835125881,4.2626767835239,3.65363825016053,3.8355209336096,4.29179995982268,3.60625190256442
"37","SynU6_VSPH-67","Syn",15.5436974482616,5.38694301703249,12.3773364900778,8.85609265811329,28.089749086517,9.97156071839335,0.127364570963035,8.21401800915909,28.6405568883691,20.5915265526955,NA,2.85709030885842,12.2834470750862,4.5349686696342,3.68548066908655,1.4712424294909,3.73720917782321,1.44654302125467,2.49522541426182
"38","SynU61-37","Syn",6.82360818099317,1.32472228229839,1.78030938726975,2.1861296942543,15.7001536808225,5.47955692751268,1.10964672966696,11.9272549034773,30.240461466737,1.24583966180266,2.2984861869146,5.45788052181517,2.0702864456501,5.42858541142244,4.59746160656554,3.92275067237625,5.00516774863524,4.81277106499778,5.65756802696846
"39","SynU61-12","Syn",4.89689188435048,NA,NA,4.60689180735875,29.2339371476862,10.2612817815673,NA,0.27818281416252,28.3734940342921,NA,NA,4.26381195531167,0.0792383823930462,0.852968198061299,5.28310290009787,1.61193639426482,0.629150851205529,1.85532155676125,0.376810936920901
"40","SynU6_VSPH-60","Syn",0.124531817667301,0.179595888816094,NA,NA,0.460811186680267,0.0945479992853944,NA,NA,0.245986466502455,NA,NA,0.0968143718080062,0.0503773619137781,0.15494037942201,0.155822321131423,0.038132848513116,0.0624992253839299,0.123442033962486,0.0563682289524018
"41","Human_Weissman_RNU6-1","RNU6-1",45.2940790122814,26.3328114267148,46.9109544984373,27.3258667067855,17.8079143614433,2.79406702007718,24.5368787061512,1.608167315885,22.9264173704333,15.2300220627733,23.8009257020393,25.9694626052094,39.2799263582486,31.1708761387436,40.1053644690751,19.346848876785,19.3079077447095,21.3575904678614,22.1196985981459
"42","SynU61-10","Syn",10.1702288012697,7.4198703550222,5.56557120785584,11.3150212891708,10.0355722534965,6.13179443120775,11.2560449133597,8.24144425919301,5.67223122638213,5.04871313134106,6.00786485505896,3.02311496696202,5.85669033934016,3.75887140421205,4.0505835629294,4.73774003442745,5.46446310014672,7.27429832572718,5.34137262936032
"43","SynU61_3BP_Spacer-84","Syn",9.12563038991922,24.0523109770013,16.4670326004213,NA,NA,NA,NA,NA,NA,NA,NA,11.2533600246787,5.21919865934042,0.391515684454002,8.13738106272609,0.602231981968112,0.157928017830568,0.242606900496922,0.427307184003664
"44","SynU61_3BP_Spacer-110","Syn",NA,0.967109157887057,0.519883611926158,0.657166923444334,1.15800090652835,0.814613176919092,0.283532884603141,0.190475541548867,0.35323119556767,0.707405346264128,0.156613548287743,0.260668733031196,0.488300345184467,0.333736503331571,0.522100719609886,0.836769739385883,1.09043240663816,0.98970203408948,1.22933010723167
"45","SynU61_3BP_Spacer-91","Syn",3.8304816354233,22.0968027864323,1.85600908370586,2.34611699896583,3.54352972003529,3.27173351699813,6.07335485036408,34.0003346161161,1.57631509385555,45.9635639113188,NA,17.4952744703155,1.93695036403606,1.93611454034996,8.98677769660781,4.14191107690686,4.27737874937736,3.37507636728969,2.43820368161252
"46","SynU61-29","Syn",1.77119262812246,4.98099918982872,2.74626528539917,5.64112107815227,2.29391080313901,1.41197533769789,2.43384637087502,2.5154493980643,1.9242405943842,2.24210500264073,2.58532836135846,2.44412637763674,5.23050654954346,3.38817012245045,3.04116221767047,2.78635566919846,2.57785272131379,2.27264684210029,2.98638733943559
"47","Lynx_canadensis_RNU6-9_ENSLCNG00005013388","Div",0.700783488136937,0.202129601538199,0.543288554698735,0.824102764180835,0.691504927438557,1.59616260269969,0.888892249449188,2.18955737841309,2.58393461379595,0.739252439087431,0.818321123647707,0.599288646814133,0.907170528884856,1.30785442923549,1.16915459066379,0.96027543921287,1.18172778113403,0.49397397288635,1.17365282164536
"48","SynU61-19","Syn",0.538284160642891,8.15111393064109,7.30291666479115,NA,0.3319732090473,0.204340109175033,NA,NA,NA,NA,0.314283446054153,0.732333926584284,10.5610824553447,0.334862020201474,0.374186778174501,0.144224344805099,0.108060232980774,0.0592859567799306,0.152280986181539
"49","SynU61_3BP_Spacer-92","Syn",3.55844257142967,6.49160190004837,4.65680331075111,0.715322038646017,3.41379095617043,0.0230911794135408,1.92889844461531,1.68456780330318,2.50318959428111,3.49711169175115,2.55709284758907,2.05708793430676,1.08270929664213,4.13408910647974,0.799176558177618,0.447027517817443,0.662457675948343,0.264631429797654,0.688332327389886
"50","SynU6_VSPH-76","Syn",0.317126185985063,0.0762249095662244,NA,0.103592213766025,0.0651931980242901,0.0802569896527701,0.111736448319566,0.150127633584415,0.0348009008581576,0.0557557625278366,0.0617192664226269,0.10272599757744,0.106906953198546,0.164401263406606,0.0734831367796479,0.216467930792852,0.21751490104189,0.192103388914545,0.287088742351214
"51","SynU61-1","Syn",1.75744325756244,1.01381185884241,15.6684432076187,1.03335329025701,NA,30.6888888347656,34.5524040057366,NA,0.694292053395221,11.1235002254242,NA,5.05524886874802,0.426567394683099,3.82651701324228,9.82232268895764,3.4441353230419,5.29208571647007,2.12918907692261,3.02286652456656
"52","SynU6_VSPH-73","Syn",NA,0.155195878251575,NA,0.738207449562976,4.38025597501564,0.0817026485559014,11.716161697141,10.0869029891443,0.141711060160337,2.61096386199381,NA,NA,0.0435330617963768,NA,0.0748067791362218,0.0123570358867333,0.648096495133107,0.260751630294771,0.0121775014665173
"53","SynU61_3BP_Spacer-107","Syn",0.326225978458511,NA,0.316136944117169,1.8382418596368,5.73396236887688,0.0619199457534926,NA,6.48629008140569,0.26849622726105,NA,4.76177046431558,1.99723243133969,0.0659847599205006,0.938608692330585,1.14521428762949,0.79602675618089,0.261958703704044,0.934183350562184,0.23072392497286
"54","SynU6_VSPH-56","Syn",NA,6.57231761457056,2.87573434058783,NA,0.130724038248321,9.81670794321897,7.39370250509474,NA,13.1190233544704,NA,NA,2.18343064951213,NA,3.92288233425517,1.51767255700397,0.653113760109111,1.10634777371298,0.0466911152495065,0.551678332046102
"55","SynU6_VSPH-75","Syn",5.74613702948792,3.84748879076228,5.07124784481061,NA,0.126563764270261,0.116856056620386,9.70722284763436,NA,0.101341853431477,NA,NA,3.45011497379922,7.92823314456944,9.76638126936329,5.17133646241079,0.200302819088241,0.386227793046648,0.988863249683587,0.563149576028644
"56","SynU6_VSPH-57","Syn",2.19320468992758,3.86585361898824,0.94461177803925,1.43286136000342,NA,NA,5.15170119068134,NA,NA,2.63493209543423,NA,0.094725338417788,2.02090366582143,1.47807191341645,0.99946020153788,0.191213896532196,0.146761523061875,0.114068523208695,0.151667810527348
"57","SynU61-31","Syn",1.26264886496489,0.662164605184256,0.222472641677392,0.899903951594032,1.41583074601578,0.697191222254352,0.485326395316582,1.30415642058983,0.680208491461048,0.242174721433525,6.7019288569136,0.892379145021186,0.742959233237683,0.535556707913423,4.00562659408328,0.861142280725203,0.691298255881289,1.06196309864547,0.610494614052983
"58","SynU6_VSPH-74","Syn",0.192173499671773,0.277146604995824,NA,NA,0.158024225974362,0.145903434559837,NA,NA,0.0421776012527553,0.135148473829876,0.0748018167517042,1.49400827815542,0.0777407262220047,0.11954950755456,0.765909627136494,0.034326475500675,NA,0.0141105022573721,0.0289952132474901
"59","SynU6_VSPH-61","Syn",0.86734539553659,0.125085837611477,0.336208568225852,0.679983428130802,1.49775764366058,1.18532269160036,0.275040940868052,0.369541418331633,0.799520760542518,0.64047034073307,0.607691594349444,0.47200828533352,0.666654434633464,0.944244401091339,0.542639524929425,1.32462792714729,0.966360921702083,0.764226858492582,1.39371666510941
"60","SynU6_VSPH-63","Syn",2.72502556218388,1.15586663395931,NA,NA,0.247145725676168,0.152126084848056,0.127076994723258,NA,0.0263858628121577,1.3950331036664,0.0935904563696205,0.0934635832687652,2.64243532429434,3.31564176231898,1.11986212876924,0.081295493450205,0.0683809125965326,0.322199424542924,0.126973698684509
"61","SynU61-8","Syn",8.69783179506309,11.3139622165783,15.2049628896125,2.67409650033844,0.210359563167044,21.2352164839315,NA,NA,13.4750910049494,NA,NA,13.258681353989,18.4897362785745,13.5801663741181,16.0285544666939,0.398198479793332,0.205421727893041,0.0939184822018992,0.0964950208594426
"62","SynU6_VSPH-62","Syn",0.449530039485652,5.51053427371071,0.217813819799667,6.05728043791116,2.07927253877829,2.38906944857426,9.26568096967441,1.27684595032971,1.33192835458973,7.58730612255295,1.44354828052383,1.4415913775052,6.9557706233561,5.0686350919713,2.29679849339554,1.74644010032757,2.77496901037417,1.53483129110153,1.99660636325373
"63","Salvator_merianae_RNU6-8_ENSSMRG00000013204","Div",12.2340108911632,14.0997260840817,7.59977916995596,5.32847103124621,1.9991074189282,2.59995793483642,7.65397063611509,6.68259750378789,8.22736071357181,7.50068313960332,7.44822414218124,9.15539971206957,8.11098256433354,8.78967870630104,11.2592964999843,6.10053802982731,5.29765450818334,4.62966201239955,4.2567473568855
"64","Equus_caballus_RNU6-2_ENSECAG00000039713","Div",0.0400145966693372,0.115415597219442,0.0775541688672358,NA,0.0493559908922009,NA,NA,0.0568287669604679,0.0263468122112317,NA,NA,NA,0.0323745345728519,0.0124463709486065,0.0834481158971987,0.033695356734051,0.0401645353409249,0.057293061338323,0.0724490170864171
"65","Phasianus_colchicus_RNU6-2_ENSPCLG00000012535","Div",0.811829427427191,3.93812858558596,4.29121291728703,9.83619833713642,11.1362339429361,18.976520060941,10.1154326799881,20.4737905068119,12.278058200622,14.0396739021744,8.90537977968688,5.05866629101828,5.74224551397661,4.10147374875187,6.09146287987195,6.15260329908291,4.30647205801555,5.97447400828151,5.67069057296253
"66","SynU6_VSPH-69","Syn",1.63776106156137,0.214720702803048,NA,0.0729531627893879,0.0918225379171628,0.395637926132582,0.31475443983373,0.422899957203593,10.8325266581858,0.235590634021593,0.173859232345055,0.318309833014489,1.17448523583994,0.393641681808103,0.776239889785813,0.304888169095044,0.216695634259167,0.27877062582867,0.252722079613208
"67","SynU61_3BP_Spacer-88","Syn",0.547859902558564,0.197526600008304,7.69828928142125,2.14756230098338,0.168939403440265,0.103987596595574,0.144774987987307,0.583553352794565,0.541091120699777,0.288967117591018,NA,3.40736774254473,0.94191896257104,2.38573305737482,4.18927662190541,0.471825021202634,0.439930230461145,0.346958549138937,0.759450856107975
"68","Dipodomys_ordii_RNU6-8_ENSDORG00000027479","Div",2.3621233475681,2.19918477816562,8.402919198247,4.16083112700771,14.6415622882352,0.317815835653209,2.56002680602187,1.91089922402613,0.590617577479465,4.98358045152419,9.18271553821628,1.39471745471502,3.30212281766965,3.89685100198588,2.84756000991537,5.08488023387856,5.03306856585283,6.18130233611475,4.52377461913832
"69","Chelydra_serpentina_RNU6-2_ENSCSRG00000002895","Div",62.3240879111498,12.689202134435,34.1063270072022,10.7781575890937,77.7780210034779,NA,NA,3.12397859728184,NA,1.54694868318298,37.6729460597075,73.2486522386765,1.18645724119388,10.4910542828831,35.4750554115334,3.33974186935968,0.220791608697234,3.55328395419788,5.72506165251094
"70","SynU6_VSPH-81","Syn",7.9362014475163,13.8633711217525,8.6656477210572,4.05296004930449,0.137871901743831,0.42432278700071,9.80655435333101,3.33367623042759,16.4122766790682,2.94783552803551,12.138839926918,6.34361327490487,5.96874959959853,3.72016676714769,5.05061806953333,3.13180237802719,4.88054020384131,2.53607321517038,3.21278839520209
"71","SynU61-30","Syn",7.19142841637686,0.457555276123827,5.94416630079818,3.9382756486947,1.30445073196986,0.562051751177116,0.447146930094959,1.95253753220287,1.18376311263676,3.12372782508464,0.617470416404805,1.64435562964467,2.90917774103905,0.394740595436256,2.20548618102626,1.34796748563295,2.49458562086123,1.29291347082417,1.08903468721647
"72","Clupea_harengus_RNU6-8_ENSCHAG00000005131","Div",NA,0.0501814452241838,NA,NA,NA,NA,0.0735598965325328,NA,0.0229106142611904,0.036705910956738,0.0406318879863418,NA,0.0281521903878749,0.0108230931874805,0.0193505772545675,0.0412874184558437,0.0838228930739726,0.0268265839276994,0.0511875713841152
"73","SynU61-2","Syn",0.653099742120113,0.1345542859978,0.72331615965166,0.640023288074633,13.2342929644514,0.283343647123102,NA,0.662523467080672,0.491451982686196,0.196843180526913,0.10894852972688,0.580271130205715,0.4906591687415,0.725513967176091,0.570743509668128,1.31419020209276,1.57331273226901,0.513797171448211,0.918533068768251
"74","SynU6_VSPH-70","Syn",4.3813512709536,2.5976662517162,3.58538556078533,NA,NA,NA,0.0257288029966211,NA,NA,1.7203597654269,1.70540181374891,2.71548228816096,3.53496494483602,4.89851165860754,2.83248657025108,0.680122844987127,1.25336405946958,0.201065271436759,0.520584752952258
"75","SynU61-40","Syn",1.97768218036828,2.45417672299402,2.13937043976944,0.0450717384224429,0.0567295680138658,4.60928956410922,3.40306385149844,NA,0.12113165986679,NA,NA,NA,0.0372111536566895,0.515009028117569,0.0383659651510888,0.133792131019737,0.687857721076624,0.0303934169302347,0.275840471068487
"76","SynU6_VSPH-53","Syn",0.144981116711475,NA,0.0468324517546962,NA,0.0298044849944971,0.220147345088203,NA,0.068634105060453,NA,0.127449782951167,0.0282163017877904,0.0657487861399458,0.0488748332491114,0.0826755650965029,0.0705482617685257,0.0406950700820776,0.0436573126105278,0.0372587652483143,0.0628900728189842
"77","SynU61_3BP_Spacer-99","Syn",3.17686436962605,2.06825355837751,2.77954955120485,5.07016099045459,4.61263698757262,1.68148296531171,2.78235563826398,4.40865916684521,7.36293505089674,5.6684098217091,1.95024132149733,4.22685117246055,3.10639076678189,3.35971073914283,4.63383040394619,2.57927427570002,2.64758884555757,2.05138992565993,2.36034086359292
"78","SynU61_3BP_Spacer-90","Syn",NA,NA,0.0410636472906517,NA,NA,0.0160858062304501,NA,NA,0.069751002407565,0.0223501129592347,NA,0.0164713926999714,0.025712669382888,0.00659014717257981,0.02945626305091,0.0105424877031137,0.0106332279548768,0.189014911856305,0.0311679501400267
"79","SynU6_VSPH-54","Syn",0.783048252141345,0.225857534987446,1.06236381227877,NA,NA,NA,NA,NA,NA,0.743429755560924,0.0914383595518542,0.0304381346255446,0.0950309067987707,NA,0.860047521355478,0.00899163591382518,0.0235794723535581,0.0603707813812031,0.053165982779682
"80","Phocoena_sinus_U6_ENSPSNG00000016082","Div",0.1679361623892,0.207593379383086,0.0464978517874125,NA,0.147957716706057,0.163930857339919,0.177512212731661,0.238503092146979,0.221148425935962,0.278386246526063,0.140073535482372,0.0559534595946541,0.126166667241415,0.149245235971823,0.160101077493608,0.206612996732325,0.211910833683089,0.243094002591977,0.260622249544946
"81","Physeter_catodon_RNU6-9_ENSPCTG00005021670","Div",0.233744526723279,0.337099038776717,0.113257810937655,0.0572661153092939,0.216234081291448,0.155282144271434,0.154420687161186,0.207477619779763,0.0961902602985095,0.184931809640922,0.068237225545659,0.318008701702088,0.0945576226114571,0.372614384772693,0.276227688275796,0.0894685470274923,0.181830802793703,0.0740149639372516,0.155397272796209
"82","SynU61-39","Syn",0.0785106271640907,0.113225568623064,0.912990799923112,0.230816029339918,NA,0.0596074389666235,0.0414937287853153,NA,0.0258468774229005,0.869614257302487,NA,0.411994790108923,0.0476403342472246,0.012210199157659,0.354746925626374,0.0120203571601128,0.157609628577697,0.0389117885145531,0.0310950000876855
"83","Panthera_pardus_RNU6-9_ENSPPRG00000016587","Div",NA,0.0908022403371762,NA,0.123403296179321,NA,NA,NA,NA,0.124368783708189,0.132837104774434,NA,0.0489485695633338,0.0764111698915105,0.117504918928996,0.0525216768473683,0.0747086911662389,0.0505585709927712,0.124822603785206,0.178120776680131
"84","SynU61-36","Syn",0.0900916422924028,0.714600403456553,0.174610842578495,0.0441439074381251,NA,0.0513000494008613,0.0476144224818319,0.095961174878792,0.103808325286007,NA,NA,0.183854098754151,0.0637789913439511,0.469378952989531,0.263033238028484,0.0732777915806513,0.085907763400514,0.262948447019568,0.0713635778027081
"85","SynU61_3BP_Spacer-98","Syn",2.17492668669974,2.0573471172571,1.08782646317323,0.0229180645323111,NA,2.25495256590969,0.0247198417728853,NA,0.0461947435615895,1.43086471073475,1.82968521118807,1.845385996015,1.56099212457027,0.174581094557827,1.1672475067783,0.546034951568382,0.638491148464308,0.764994575087808,0.743638840277197
"86","Nomascus_leucogenys_U6_ENSNLEG00000029709","Div",0.0550238292828871,0.0793536440022582,NA,0.107844269010947,2.03607371533592,0.041775612603815,2.00656817135468,NA,NA,0.0870664777935442,0.192757802809589,0.03208274941063,NA,0.0171149292326218,0.057374499124023,0.0979338206964895,0.135313522150822,0.0484820561814109,0.0435855893190147
"87","SynU6_VSPH-72","Syn",3.67632707658727,1.1918963621535,3.25884082616055,1.28469054731867,2.8121329639007,NA,7.65142212054252,1.13326702782124,0.0375287466493828,0.871829050427233,1.56409163016862,1.21855918282463,2.0751621230717,1.21442107807345,1.59278559173948,0.131989303449116,0.17163268091202,0.750174963793198,0.148346169132795
"88","SynU6_VSPH-78","Syn",0.906427827350532,3.29226240115475,1.82185664631323,7.63262130055276,3.06423886883665,2.93115862854013,7.9842843765462,4.8154915914142,0.309461861543317,7.18909809094813,3.76340190399055,1.48766048033426,3.16432061747743,0.91891731429379,1.81095652345163,2.04055778576458,1.56354991249253,2.03363209669066,2.22238554288767
"89","SynU61_3BP_Spacer-101","Syn",2.15521095673684,3.90448777749411,3.55572647074159,0.820386562511005,3.16364933691669,3.19145286790407,1.29908485487084,0.0505922740702315,1.7474321291717,0.375788354409377,1.9759134739747,0.775446692048461,1.13845690902002,0.759013114423274,1.92659684925344,0.109082060433435,0.0143027222905266,0.0313880713435951,0.133027804305579
"90","SynU61-15","Syn",1.20009167453576,0.639040483440218,0.178919540771616,0.361865622091297,0.273277416920127,0.098123068821701,0.0780629700080656,0.131105484536753,0.145878720192057,0.21424103467533,0.129357680044292,0.236834253658267,0.126971158394532,1.42996270277696,0.821406012279526,0.25158225082175,0.179761674034093,0.357893628272963,0.273694728843781
"91","SynU61-5","Syn",9.76664318489001,4.29156824006524,3.47528093847953,0.0373870863049643,2.07052016414242,1.49171068767144,0.0403263921569352,3.92819602691077,0.0251197312341087,1.40858255740615,1.04691909224741,3.19581874457893,3.77345620393382,0.255133867698735,3.23550461735793,0.561475272195482,0.434635825643132,0.390776588512244,0.459778898315351
"92","SynU61-50","Syn",2.31546697758723,1.55038649373125,1.20206659346152,3.12002126576817,0.765003206214107,10.0769154152197,0.437053474932545,1.52677029575805,0.735061981562538,1.78831214916565,6.08360504296113,0.771474029952676,1.87337051870468,1.09318530981425,0.252935666652304,1.0397881609164,0.863253211798261,0.94267316129786,0.655047316266277
"93","SynU61-41","Syn",1.24026385585563,0.527804175219321,0.0394067806739266,0.478202407909867,5.31669252763087,2.14571021590915,0.0214915760779716,NA,0.0133873274052166,0.064344941879229,1.13963398385876,0.181778115851901,0.814281449951227,0.518587926611805,0.121551281210116,0.00622591480576653,0.195920458673101,0.0738989767400757,0.0897310874407048
"94","SynU61-24","Syn",0.939368860636856,4.12869596250841,3.12108840174941,1.71837994796372,2.78079409750219,3.32824245880927,2.49651856706374,2.04560852927462,2.78034373581449,1.24574656224478,0.616366141197864,1.98221713133244,0.897539634021772,3.0943963806776,1.36072704060932,0.474612338975884,0.354705775057696,0.512377955679446,0.355343232177358
"95","SynU61-42","Syn",0.0359271648982603,2.98788487252995,1.85685667755392,2.1007336297099,3.14631881732936,2.836797285823,2.16462074343858,1.44567412375491,3.92681704620486,2.69085441629231,4.71271845324642,2.16928752289941,4.07429792304781,3.73617252412587,2.66562993740891,1.3577370863046,1.76582553069153,1.50365006148263,1.39583147996925
"96","Danio_rerio_RNU6-8_ENSDARG00000091605","Div",4.62661513855541,2.59480647645104,0.830283339186496,0.041981300051272,NA,0.130098301458629,NA,NA,0.0564130066485765,NA,NA,NA,0.74518339483348,0.0133248986906861,0.0416912092365531,1.89387162537498,1.16958779158557,1.75046632821803,1.5221706316413
"97","Canis_lupus_familiaris_RNU6-9_ENSCAFG00040017513","Div",0.0387062781436388,NA,0.0500123035297974,0.0126437652163228,0.015914081947937,0.0293868765976101,NA,NA,NA,0.0272206856183711,NA,0.0300912977397769,0.015658007880258,0.0160525653441471,0.0107626258193415,0.0498781648501454,0.0453265334849253,0.103734507884485,0.143080452676118
"98","Panthera_pardus_RNU6-9_ENSPPRG00000018146","Div",0.31726972232693,0.503312107117603,0.0614915347645095,0.994935371952971,0.391336232998658,0.0240879945717844,0.16768053301257,0.495645426317649,0.605809749983106,0.301217391739757,0.148193283699764,0.271319381502391,0.166850331930775,0.453952860311954,0.180850335175748,0.323027279017272,0.388519447490013,0.276055212699591,0.265677282024429
"99","SynU61_3BP_Spacer-104","Syn",NA,NA,0.320172392190967,0.0809437732297033,NA,NA,NA,0.117305120593477,NA,NA,2.98998339414794,1.6374455456495,0.0334135235141377,0.0513832385662381,2.60675293357717,0.755603595816795,0.0248721162559747,0.927913696572209,0.065427344267375
"100","Microcebus_murinus_RNU6-8_ENSMICG00000048121","Div",0.0243579267920886,NA,0.047209241749948,0.0238702289876063,0.0600885533265646,NA,NA,NA,0.0962279432701902,0.102780143065505,NA,NA,0.394144441624597,0.0227292901311923,0.00677293876784808,0.00745863306145394,0.00244491983652102,0.00268275216071705,0.00275635018411607
"101","Bos_indicus_x_Bos_taurus_RNU6-9_ENSBIXG00000026637","Div",0.0121225103890848,NA,NA,NA,NA,NA,NA,NA,NA,NA,0.0283114727757069,0.0282730931750492,0.03432777849306,0.00377065555296488,0.0168538606094632,0.012064097738275,0.0219022823531098,0.0267031683092136,0.0384100318876547
"102","Weissman_pU6","Div",8.9399947783078,9.39055673010381,8.59529521969215,11.1754449373748,14.5435285303844,23.2217711667114,19.9784525815947,18.3450712180249,10.4285924259228,14.2575097929533,12.5971972259434,7.96946168986151,7.81683576110691,8.68162519667202,10.6211164740235,6.45780927301359,7.49322063309661,6.0066919720486,6.20931561228682
"103","SynU61-6","Syn",0.918734833056675,0.045688641865375,0.0614014870070794,0.0310461998691206,1.85612502452517,1.70774314039655,0.0669739931425738,0.0674890372842161,0.0312891003403431,0.718521140032559,3.82888599996777,0.215506186770283,0.307580303104765,1.35001019608676,1.28612111665863,0.657234579682578,0.783850810236757,0.772869462251751,0.682937933508899
"104","SynU61_3BP_Spacer-102","Syn",3.21855236612735,3.11204582087062,5.31650069501865,3.85303217819572,3.1353363940154,1.08296527308883,2.33893038057332,3.4801863508662,1.66163882200249,1.85194485414069,0.70469591357946,2.61592470531075,2.30071802458528,0.767902315100607,2.5831430209523,0.227488897921923,0.323061260180086,0.294063417381122,0.430432760237172
"105","Amazona_collaria_RNU6-8_ENSACOG00000009282","Div",0.894548387329247,0.184298525607799,1.43654916776638,0.050093577992216,0.0315251545561894,0.0582142174266874,0.189111459225016,0.108894723575463,0.201942008337608,0.808846206823607,NA,0.774925414918757,0.155089410775328,0.476992268689904,0.326911691602823,0.325768404124585,0.148794914987748,0.472917414909638,0.477214694796992
"106","SynU61-14","Syn",2.73926862950799,0.490405340018425,2.63624532347184,0.944176228799897,NA,0.0143429550652946,NA,1.58295446665399,NA,0.0797141682017118,1.03682242339898,1.49070658071813,2.4455226761386,1.68644745810966,1.06897577572512,0.168481211514928,0.00379245922948219,0.0769854368010026,0.0128266115795974
"107","SynU61_3BP_Spacer-95","Syn",2.70373189415456,0.396928367658251,1.44341657777604,0.602902401805332,NA,NA,NA,NA,0.0106599897046732,0.392811229506527,1.20994889841829,0.868471854700924,0.268525852414427,0.846020197749367,1.00839805601419,0.166697223794417,0.0796283169285702,0.0356629595623407,0.152061516292828
"108","Esox_lucius_RNU6-8_ENSELUG00000025124","Div",0.112954010793764,0.0814493691003733,0.0820955522154862,0.0691827686560193,0.12190770101441,0.0428789040899685,0.0447730765093836,0.100260868703943,0.0185930782676688,0.0446829491905503,0.0494621312777028,0.0493950794199222,0.0742523351094928,0.0527008005387218,0.0431858212801206,0.0810647154634475,0.102039534630912,0.0964147748724717,0.0543231140810368
"109","Numida_meleagris_RNU6-2_ENSNMEG00000003235","Div",4.65717528439211,2.74763143492214,2.70104893651068,4.46020302024208,1.47961594051959,1.9152554671749,3.03941690397795,2.27986871320161,0.0232304854307521,1.5817814877956,7.35405332640476,2.26288303264577,1.19890020102162,1.26203322880061,2.49919229861944,6.2762030456361,6.19210900094361,5.96093306058537,4.89677643726787
"110","Scleropages_formosus_RNU6-8_ENSSFOG00015026611","Div",0.579912082314408,0.209082762560919,0.561977419535326,0.56830100179218,0.357646182085849,0.110071321874416,0.919469715071414,1.02948959025304,0.0954578828947067,0.458809420346345,1.18505936710432,0.732613685665427,1.17297094815459,0.541137596890603,4.89796043111381,1.38175309832767,1.49886905663056,0.814352763495154,1.46011224781873
"111","Cairina_moschata_domestica_RNU6-2_ENSCMMG00000009434","Div",6.39468563006256,11.7013055893012,6.4301376841463,15.5150133499068,19.782416189827,6.1209822189212,7.97672816639098,9.15497823396493,9.58670363287866,15.2685310369892,15.3559820472538,9.1476431884473,6.22378223343744,4.2240363517504,5.25304087205777,10.1465343572989,10.5424554042232,7.41789912591292,10.3155397653072
"112","Lynx_canadensis_RNU6-9_ENSLCNG00005017047","Div",0.156882258115592,0.05027792916884,0.270276330270432,NA,NA,NA,NA,1.68341047172308,NA,0.202270670086076,NA,NA,0.00705157966229287,NA,0.00969389132013719,0.148119838850272,0.0244953506828304,0.0595159333388326,0.0512859898091416
"113","Panthera_leo_RNU6-9_ENSPLOG00000018148","Div",0.628160700100384,0.627171020537211,0.398018303188304,0.0828670202539647,0.14900088570367,0.165086644222389,0.14045723554376,0.154404415993716,0.111353811311829,0.178403906421191,0.141061117427094,0.15495688136,0.13682975326316,0.161569793756424,0.174665684582414,0.173853803848488,0.218255012546323,0.164979254172861,0.170872236060808
"114","Sorex_araneus_RNU6-8_ENSSARG00000014692","Div",0.665674622151625,1.99275861727645,0.860116829925731,0.306405123564873,0.0746432854799195,0.0689179880565756,1.03412684493844,0.630261140059432,0.166022789214527,1.212919063448,0.0824434213478123,1.41924098569824,0.179525372096963,0.614891419832051,0.57912851522565,0.226613146102541,0.52238665016073,0.312150918566184,0.186037176980359
"115","Ornithorhynchus_anatinus_RNu6-2_ENSOANG00000045249","Div",49.3622779090018,52.1641569610737,45.8733310577283,29.3062094843445,25.4837474296091,44.2061695700964,33.6420746867137,35.5314865998801,21.9414827173482,31.2834343662598,26.6446181414312,53.5307085217173,47.1437562391682,41.748625476971,47.0400390136814,31.0672781013971,30.8447790900932,28.8206550652839,27.9973292996735
"116","Camelus_dromedarius_U6_ENSCDRG00005003424","Div",31.1417614630008,31.3464137168317,19.4969776477118,20.8791249943359,22.4616737672766,22.4686826340175,11.6692720422827,17.3393519355602,13.9603861859503,16.6523799093489,23.6542899193997,16.8443700331056,17.3351600473041,16.4044923816711,16.2737375166323,12.7854107528086,12.7225872523083,11.4242129226627,11.7570811503866
"117","Dipodomys_ordii_RNU6-8_ENSDORG00000026904","Div",2.76273422075957,5.47143743983722,1.35750040470268,2.84088265711206,3.1917130211391,3.55991658205069,4.58605901177589,2.62496886981131,4.50923696449979,4.08425401679198,3.38514232325875,3.26711196859294,3.21119012793505,4.41771728644488,2.86182625202976,2.02334218001385,2.20479902389972,2.50927286540148,2.29850436483394
"118","SynU6_VSPH-64","Syn",NA,0.736533457662667,NA,0.76741318640806,NA,0.0258497991566195,0.0719778989974883,0.0483542828207953,2.44355032174499,0.610580575719939,0.0795160968793567,0.317633213050699,NA,NA,0.31715151657152,0.233274422010979,0.153787831815243,0.322495634927108,0.215758172731915
"119","SynU61-48","Syn",0.995894571091724,1.09154845925831,0.0772076013947141,0.0390381852484993,0.0245677165193377,NA,NA,0.0282874077004681,0.0262290758180704,0.0420225363877082,NA,0.00774235123949098,0.0322298620067622,0.260205784962662,0.647986638433452,0.00838619544756146,0.0299887886115569,0.129430194761336,0.135234868278549
"120","Weissman_mU6","Div",6.89131735036577,5.03965097565072,5.42668902111941,4.28597699044701,6.1575477453799,5.55341894299145,3.60198737036875,4.30013922863797,5.45208596472939,3.74356331714097,3.34558719346448,3.69962433204652,3.75800525892969,2.65660847473948,3.38124946687909,0.952076996281336,0.872539997013952,1.31600056613069,0.600525502337019
"121","SynU61-7","Syn",0.343188065282441,0.226845246751029,0.554290754364679,0.210197941260291,1.94014885376285,0.0542828892361326,0.0151148884950994,1.82773502130173,0.0376608881997517,0.618462963444971,2.22081548595742,0.177869064975774,0.196677620749369,0.57376617475461,0.0258446776502747,0.118223447580064,0.137789610031809,0.226789873750949,0.210357673209523
"122","Canis_lupus_dingo_RNU6-8_ENSCAFG00020008041","Div",15.5230693809021,22.192216129572,19.7957091790846,17.5602442506933,13.8329593964596,21.9484396838,21.5684933012172,13.4511802683267,21.1379133465152,16.9329018476547,17.7588608895995,9.16472208048033,19.1482609559339,12.5747940717479,12.3343760707636,13.9904158100156,13.6730990090926,14.0269062770946,13.9598395618854
"123","Capra_hircus_RNU6-9_ENSCHIG00000006050","Div",0.272458843219351,0.130977204675815,0.326897553390351,0.0381433763276521,0.0320061208700506,NA,NA,NA,0.145224592757693,0.0136864406774683,0.0454509295677775,0.0302595435836886,0.0157455546112954,0.0121067385875602,0.0342722050383754,0.0402249549706704,0.0625096625348893,0.0585875993319333,0.05725854290864
"124","Balaenoptera_musculus_RNU6-9_ENSBMSG00010018879","Div",NA,NA,0.0201839777665139,0.0204110955104663,0.0128452182179636,0.0237199257786658,0.0220157793306945,0.783873014640644,0.00685692954559764,0.0329571930025051,0.0121607386886573,0.0121442533472457,NA,0.0129569965442097,0.0579144423578276,0.0605888315022898,0.0114983902242899,0.018351867713288,0.0235691609399706
"125","SynU61-18","Syn",1.26483865483651,2.19892797996821,1.24251230331797,1.05273781507121,0.774714549141827,0.980032681254076,1.14465945472469,1.36569915896427,0.482001750016925,0.877328853386572,2.00302959280202,1.15169608085103,0.713184312322493,1.05092367920129,1.11351487279478,0.782901625896955,0.904791811863284,0.956071182013781,0.89357913242007
"126","Weissman_sU6-1","Div",1.73732095654004,1.73458377313285,2.07211281812978,6.44344421948579,1.38464175448799,0.0405852956072605,2.34492419162691,1.63224349561784,0.017598527615327,4.0319175721899,0.218476456478627,1.32986078725958,0.59468157832572,2.9263998234371,1.83197884288721,2.16169855802411,2.20527534747196,2.52871624195284,2.65857947903161
"127","Sorex_araneus_RNU6-8_ENSSARG00000015849","Div",4.51033918360006,5.22302948766021,4.4078911897667,7.67887009754906,5.55148975657086,3.30103870720624,5.32306576988977,4.91276017557949,7.61940361088406,5.41315415924341,2.81195033781263,3.29844828113127,3.68782813143486,4.35738035431555,4.81595086854754,2.22491771804798,2.10631753408452,2.19754577793186,2.08481875339851
"128","Rattus_norvegicus_RNU6-8_ENSRNOG00000052473","Div",7.1292159600444,8.4604187633506,8.97751311920235,11.2371798684699,9.42213715666839,6.54338854134048,12.3301191659999,8.65322708983556,12.5573429595739,10.6148136451818,9.11182058286843,9.81703655913961,9.2361644762734,10.4499613844071,10.0014589878672,9.43243632262356,8.53937171808247,8.81747527120944,8.57750406647114
"129","Bos_grunniens_U6_ENSBGRG00000005310","Div",0.0587160598171691,0.0362907699809671,NA,0.0822006266935565,0.0103461863376286,0.0573156721489397,0.0354652371736178,0.0714759446643285,0.0773208344229963,0.0884846158788897,0.0783589761364155,0.0260842503786114,0.0203594109588217,0.023481491032873,0.073469358271522,0.0950341094471426,0.0378874766123305,0.0702122174159237,0.0721384037017612
"130","Gopherus_evgoodei_RNU6-8_ENSGEVG00005009895","Div",1.59303632258518,1.37159827608701,1.3210363752179,0.65241685321942,1.63255388065539,0.698006755942206,0.594801400563466,0.0112558788518746,0.923660814359298,0.443112902616694,2.27669382374037,2.39067671235387,3.58768910266001,2.52684023096037,3.41143739361779,0.53148701270659,0.614940955006412,0.432963743292455,0.500446770630263
"131","Peromyscus_maniculatus_bairdii_RNU6-8_ENSPEMG00000029323","Div",8.24136494791296,15.530306335,15.1920753461051,19.3353925745907,24.0051885825431,14.9613547234354,18.2098513290907,13.9412338283112,17.766311781822,17.7352869385047,13.2164558343525,14.4324912397628,13.2220513266467,14.7578287449756,14.8647481632523,24.274558308898,23.6120543402246,23.0769387376215,23.1490875226887
"132","SynU61_3BP_Spacer-103","Syn",3.12673378403031,2.23244121957154,2.08820962901419,2.56852519150727,1.8117121794172,2.58758737832999,1.45960373659695,2.81050012236339,4.16669519325562,2.73240773390317,2.35707766418826,1.57438319228339,1.49436155364124,1.61545736171017,1.58231305109607,3.40152425980484,3.38608293837736,3.1754149329883,3.25705451560883
"133","Latimeria_chalumnae_RNU6-8_ENSLACG00000021680","Div",0.00610008581241714,NA,NA,NA,NA,NA,NA,NA,NA,NA,NA,NA,NA,0.00189740587583768,0.00254427489080511,0.00280185802181931,0.00122458868807366,0.000671855964323565,NA
"134","SynU61_3BP_Spacer-87","Syn",3.29468360661874,2.72783357088211,3.71190608608636,0.929127192039246,0.684126169886647,1.40007250809135,0.180391231794837,0.740578986227266,0.134216836490792,1.22019050847377,0.492673063861663,1.77637827587975,0.937762503995551,1.45093616426018,1.2983804551591,0.270723943523054,0.291208894609293,0.265758353954017,0.35727054374805
"135","Phocoena_sinus_U6_ENSPSNG00000017285","Div",0.037551192792754,0.00902585910980667,0.012129955022334,0.00613322292965648,0.0115793765509242,0.00950330128701254,0.013230811892094,0.00444418654260374,0.00618120827878154,0.00660208926451887,0.0255788156642605,0.0072983258595494,0.00379768412814099,0.000973344966511935,0.00435060168187883,0.0349747224024463,0.0248138347230427,0.0113735662838187,0.0262040416925181
"136","Weissman_bU6-2","Div",15.3473653838464,12.6583834809573,13.3563294755704,4.4074233492529,11.7850417919618,6.96296257743574,9.10256546404576,8.34471718628404,5.9634809890375,4.85367452191194,5.94155563180965,10.2517042774507,13.3477150742933,9.18000792021548,9.19912475417639,5.42815837049696,5.5118450108669,5.77409182423165,5.09287098984957
"137","Balaenoptera_musculus_RNU6-9_ENSBMSG00010017245","Div",0.402054368304978,0.328570459788729,0.259746817151083,0.302070024449645,0.26448737400118,0.274725713920525,0.11332807981459,0.26646572555268,0.158834802629219,0.212062411177368,0.187795282285251,0.260473198933132,0.113851280422638,0.18758596459624,0.210546878261597,0.19646773500626,0.178912001656191,0.188935571865827,0.209284318455435
"138","Podarcis_muralis_RNU6-8_ENSPMRG00000023412","Div",14.002552423481,13.5080935787471,16.2900584373146,5.25835046275955,3.84398162464183,4.60834172577321,6.00752032284802,3.90169227599556,7.16773816025633,5.38863934339807,6.87728882008538,8.3763820367624,7.1648576835744,8.66814282213167,10.6326198652671,3.00613400446935,2.82823912735916,4.01867059160097,3.02722545529647
"139","Ursus_thibetanus_thibetanus_RNU6-8_ENSUTTG00000011871","Div",22.7749469820751,18.9132525854772,19.8904684116716,13.5910825818084,13.8663232180835,12.7299041998568,12.8271405363223,11.0040661652319,9.61956004780316,13.3038797461439,15.406768754387,14.5705495422905,16.5420785184532,14.8843276916172,16.2440700597688,34.7507652138999,33.7219119913101,32.4620509250037,36.4112777003238
"140","Callorhinchus_milii_RNU6-8_ENSCMIG00000009578","Div",0.0083237079929448,0.012004191083377,0.46784451079201,0.0244711486548307,1.36549435409212,0.0442371248149537,0.00879834219705186,0.0709280264429884,0.0602863726264232,0.0439031565397956,NA,0.0679462730346802,0.0707116913209656,0.0388358121678106,0.0543903090937682,0.0793313997730482,0.12031052766131,0.0669236976919868,0.0791207132444468
"141","Weissman_sU6-2","Div",7.37116314207062,8.96058342008276,6.62982714467254,14.2839925032377,17.5024872588863,15.9158138721606,13.2871155515048,15.2728797958681,12.7663228765474,11.7834463714834,13.0614502930829,10.4344067920538,10.4610948396806,10.421035734406,9.75777929297689,16.2931615740226,16.11780194206,16.8404874767207,15.2916840093448
"142","Peromyscus_maniculatus_bairdii_RNU6-8_ENSPEMG00000030233","Div",9.59359515845878,8.45144350080311,9.47533703157585,16.5853635243191,14.621181855788,17.1304243378047,13.5650463800724,16.8576510907474,15.5343653758144,14.7932677898538,15.0636092139173,9.28710993508441,10.7597466463853,9.23685033157042,9.02266927081907,28.0021744193965,27.5501368120918,28.735546197156,28.1951636969376
"143","Manacus_vitellinus_RNu6-2_ENSMVIG00005019009","Div",12.1365972337666,12.8351405715662,11.9051356414499,7.30826382734003,8.92646569584311,7.58476290289672,7.33578161786668,8.48867417708258,6.78726783952678,9.17811823057793,7.7523491679078,9.83601175065459,10.6430459680784,8.56871430208769,9.49890642414472,8.34586076200489,8.38097755534745,8.37674666684543,8.43133958763892
"144","Anolis_carolinensis_RNU6-9_ENSACAG00000019134","Div",0.0161055379534811,0.0309692035101085,0.0208099329429467,0.220962988796018,0.0132435802717152,0.0285314627112502,0.0567463580343601,0.0686192994042624,0.049487059479718,0.0792849802307721,0.0188068100035886,0.0646911965055936,0.152022235668413,0.0384066222225881,0.0447828845670111,0.0431521272388967,0.0339483627110272,0.0685886417333417,0.041917670838433
"145","Varanus_komodoensis_RNU6-8_ENSVKKG00000007000","Div",0.00820361865273804,NA,0.0158998185480746,0.00803936465690743,NA,0.0311420705585826,0.00867140512642747,0.0349523602475476,0.0216060356056891,0.00865394975915114,0.00957955566523577,0.0446439906608763,0.0265491453421624,0.0127585043173917,0.0364974292165573,0.0332843640280331,0.00823435842735498,0.00903536489545568,0.0111398868927893
"146","Podarcis_muralis_RNU6-9_ENSPMRG00000006903","Div",0.198095340242063,0.0952289660252335,0.12797929378871,0.0647096825784543,NA,0.200532612880074,0.27918816831287,0.187556789498557,0.0869546142941567,0.208969626032605,NA,0.128337187789134,0.213696833162616,0.143772340191443,0.064262538623492,0.548455849823636,0.192209702402201,0.356360301423714,0.194276568738716
"147","Human_RNU6-9","Div",11.3943475247969,9.93034069778662,11.8181522047912,7.92522267868672,10.9152296949803,10.8283420402907,11.6890348571819,6.09128260545754,5.82667882495191,8.3948027073405,6.47169542066916,14.0858562087407,13.8386571849606,11.395972676447,18.8032494960479,6.80752308169199,7.66230030928179,7.41735104273487,7.1851935211627
"148","Rhinolophus_ferrumequinum_ENSRFEG00010003483","Div",11.2395332531142,12.3853964391622,10.6190667874072,22.9027886786951,19.8110569889423,19.6855275231711,20.3753155761078,18.5450377252459,24.5651556185142,21.0892562372831,18.440289243847,16.1897681581908,13.877627622839,14.425599761809,15.4957715664255,15.3567639911909,15.9850837358567,14.3806707256263,17.3866337290107
"149","Cavia_porcellus_RNU6-8_ENSCPOG00000037344","Div",13.5280838046492,11.1654743071757,11.5522063854938,13.3652244392389,18.2154965388882,9.94317492516388,9.4747414755083,13.9561974503041,17.2159359222147,13.4278250462331,11.8183006557992,11.5523825045105,9.75254448702218,12.8778019652775,12.7251014602232,18.4243936712319,18.9595833636543,19.9147734985955,18.7359258494485
"150","Podarcis_muralis_RNU6-8_ENSPMRG00000020949","Div",11.0542143714472,9.10561741846823,10.7769560345872,21.2084112479198,16.1265839458397,22.9912456819667,24.7997119260657,16.0968933620462,15.0924192489946,19.2217043756917,17.5795273936866,9.50091266492962,10.6589735949847,10.6323917653445,9.11364397662957,16.9860394509618,16.3965119493267,16.7688632498835,16.5845858650622
"151","Ornithorhynchus_anatinus_RNU6-8_ENSOANG00000044374","Div",NA,0.00947512147703165,NA,0.00643850425729234,NA,0.00498816417538805,0.00694468794561271,NA,NA,NA,NA,0.00255386673840489,0.00265780930160502,NA,NA,0.00201181315624104,0.00131893387234385,0.00651255591025318,0.00223040663802188
"152","SynU61-26","Syn",0.790974184812253,0.599459057709766,0.461471573802588,0.403387721046829,0.607277933496534,0.404438215563359,0.0127970982984185,0.177671480549828,0.658972894709349,0.106427816602177,0.475956775374561,0.0486292353906433,0.151825346492337,0.328875730869573,0.0785490807045139,0.0707457980917844,0.0251143666889065,0.14534303453399,0.0607368061218375
"153","Salmo_salar_RNU6-8_ENSSSAG00000001052","Div",0.0383384103568047,0.0414678413886655,0.0371527367310867,0.262995553535569,0.0236442497225257,0.0363844765028484,0.0303934064508335,0.0272241228095544,0.0189323706014366,0.0404429668318106,0.0223843252396358,0.00372566343318762,0.0116318946229283,0.00298125007246632,0.013325421125722,0.0546624776406149,0.0115446204574947,0.0147789091146309,0.0173535433204469
"154","Podarcis_muralis_RNU6-8_ENSPMRG00000023411","Div",14.6860986032979,15.5976895714803,15.0279306876293,14.2985438113945,14.4046598910193,13.6509885018077,16.6242084230285,15.8609071441629,16.375780084405,14.2712785282681,14.7077028341013,8.30016746894165,7.99521275071524,9.01608957315865,8.26583071234806,23.3413413997101,25.0049521657887,24.1196160959421,24.4376645996373
"155","Human_RNU6-2","Div",13.3047278152421,15.6776744611938,13.4720289841288,13.7829940830018,16.1167372571486,13.6287951383007,15.9098577876423,14.8415397506078,10.8796732126222,14.6177800968984,16.0044545051873,16.6628759303919,16.0740520288718,16.5064207071765,16.2208768117229,13.8929366843797,13.6675491844323,13.9640615671742,13.3124480391222
"156","SynU61-45","Syn",0.0202136467244487,NA,0.0470124215254226,0.011885355763789,0.004986503159706,0.460402785053113,0.0213662686248436,0.0114829758612079,0.00532370883309518,0.140733507737087,NA,0.0392865764395391,0.00817710859529349,0.00754484312119117,0.0112411694729348,0.0218183906623257,0.0304340839022583,0.00801470246626066,0.0173841049376184
"157","Camarhynchus_parvulus_RNU6-2_ENSCPVG00000016608","Div",20.0125545253085,22.4495722449392,19.2079238805417,9.35788905200039,11.177240009959,11.6813620056252,11.899323461561,11.6486809285533,8.43607897077422,11.4768292325791,12.640426209236,17.5695943098597,15.617839512181,16.0636131107967,16.1443920117496,3.78685083809475,3.64708451549675,3.37287462965086,3.36812860939086
"158","SynU6_VSPH-71","Syn",NA,0.27193616731794,0.0859901452790584,0.00543485868021519,NA,0.677906633537566,0.0117242750969219,0.346556825904388,NA,0.00585033718134156,0.36913629477666,0.0948536783224042,0.188454439040441,0.312230168229064,0.380895439788741,0.0721738449995295,0.053440132688848,0.0604710373174816,0.0684057424312141
"159","SynU61-33","Syn",0.136747142611198,0.0127233837441431,0.299234259779399,0.00432287652471835,NA,0.013396414417714,NA,NA,0.0029044653432847,NA,0.0206042333292593,0.0548701381788437,0.0160603191054289,0.133092198011142,0.0055195784289037,0.00438994266874907,0.0066415910200961,0.0102027229486434,0.0079867597489777
"160","SynU61-38","Syn",5.59417974963785,6.33418459260629,4.13308302918663,1.04206580968922,0.5560029474792,0.443153771156081,1.28281599751852,0.0984899903442635,1.78841601264927,1.26804101220814,0.836801877955172,4.5714606110517,4.26657144541585,4.29978293288483,4.47691655867348,0.236907857080545,0.167062067026497,0.0598313973153215,0.145180439014872
"161","SynU61_3BP_Spacer-111","Syn",2.52657330218697,2.19248891265077,2.91505344972944,0.270396747049722,0.480472958606979,0.00410758953089246,0.0686246719178877,0.614688090023787,0.790819972094397,0.433748034787288,0.0063176407116385,2.03362562339969,1.9872658286495,2.18430867875864,1.90000700070713,0.0401740565119992,0.0727686174628283,0.0244308800451242,0.0514266671560088
"162","Dasypus_novemcinctus_RNU6-8_ENSDNOG00000039234","Div",3.68962130967904,2.8096842497708,4.51251330928935,9.36700088888394,9.03665630695004,10.8069566968852,11.7559646827946,8.77888473696549,10.4775939346508,10.9812705631531,12.2288258567306,3.81083476682663,5.8360363721128,5.78907873663864,5.04271714640208,12.3679345372458,13.4787111188958,12.852323668895,12.746566344937
"163","Junco_hyemalis_RNU6-2_ENSJHYG00000011766","Div",5.47049134294433,5.5964356868031,4.61757046669616,2.99304503063274,4.00562798876261,6.80606101798133,2.76861908153167,2.91001718805371,2.10325049586582,4.33828794465317,5.55847990894783,9.18207032192977,10.734614336672,9.86972571013951,9.25436915993989,7.99639203389275,7.77469830390298,7.79488148959984,7.64889245183964
"164","SynU6_VSPH-66","Syn",0.54282924812771,0.0211581445325389,0.0284346718039161,0.301923609482688,NA,NA,NA,NA,0.0289796010678007,NA,NA,0.279439055557331,0.54601482842445,0.319435995214508,0.424259605170362,0.00561552609581243,0.00147260346833331,0.00484755787597372,0.00996108939141226
"165","Rattus_norvegicus_RNU6-9_ENSRNOG00000059030","Div",0.135393955191849,0.118551274982902,0.0843471586862395,0.0521254951462124,0.0536790949694493,0.0917811021721419,0.0971133325856614,0.0618064134368275,0.0477575605738145,0.0867159669054936,0.186335277838934,0.0413517062215256,0.0391224760834105,0.0857314948388938,0.0450425406714179,0.053489436253196,0.070377453647217,0.0655068306327979,0.055813015444454
"166","Mus_musculus_RNU6-8_ENSMUSG00000064489","Div",12.9461207218275,10.111447281934,9.3763336521657,10.2699721570578,6.91336083813295,3.88590460050485,7.13643031105692,10.0921431845514,10.7807376052733,8.98850697221461,6.51607440705215,14.3435048028644,13.4357257372164,14.4909653231118,14.7024641199682,17.8502320915064,17.472583492031,16.8901301393553,17.9886756344409
"167","Ochotona_princeps_RNU6-8_ENSOPRG00000020494","Div",10.6612173073722,12.3999615794134,12.6795718072046,17.4997623227345,16.5797723136154,17.8710228103393,19.5668291418068,20.6368917035166,20.7383723718711,19.5671465544,19.6107488548704,13.7958763707266,14.4306457108401,16.3333133878412,15.1548499260269,17.9214481324595,17.896826387853,17.7546660842229,17.2693085004869
"168","Cairina_moschata_domestica_RNU6-8_ENSCMMG00000004654","Div",22.2647732677255,21.4619410300082,22.6783184380544,22.0199636334726,19.8414212722398,18.5375310966655,17.3029335095253,21.7122510406913,19.5480306447257,20.934133123276,21.9932026389558,19.3529439324132,17.9051110458219,19.0351809974241,18.6220057705065,15.2528811181724,16.3073378516872,15.0742830776399,15.9806700553275
"169","Echinops_telfairi_RNU6-8_ENSETEG00000021251","Div",14.9095660739459,15.298347934235,14.3882989516231,9.10039486234813,9.03646913473277,10.0403060245731,16.0316201386989,9.52289235928079,14.9443561389311,11.7983501998738,12.7288472525023,15.1594437266763,18.3095619063972,17.6453404603026,16.8184764990912,8.7028108874881,7.9937316593704,8.59842459943904,7.71521872971623
"170","SynU61-22","Syn",2.52821704813421,1.85910690324635,2.79607725788144,0.759376400138405,0.585806478741115,0.89738975625306,0.328385795651114,1.8460024402638,NA,0.655449523058881,0.929877763454093,1.16458868893108,0.702057141164084,1.1507080464032,0.974559210185857,0.277053589075078,0.263088255381157,0.191142648582488,0.284477438194117
"171","Rhinolophus_ferrumequinum_RNU6-8_ENSRFEG00010002133","Div",5.17133528561886,6.91429482555722,6.79536435531684,5.73489225036542,1.89596910664443,6.24638656463518,6.49137209082593,6.08649428950419,4.19294740729257,5.91077776412117,5.53439566400131,7.12307693249674,7.71797475319927,7.50302066923166,6.62946453035636,5.2647882985113,4.50376071071542,5.00313859688768,4.72997382497027
"172","Taeniopygia_guttata_RNU6-2_ENSTGUG00000029504","Div",2.48441051427837,1.53432079625977,2.43061535016268,3.56754478879532,4.50128881749495,4.46062553885804,2.9056468330577,2.69691791740273,1.28164578433599,4.2384071969595,3.37305363948138,3.36963623210764,2.28656045280744,3.17332958917562,2.79836905408206,0.703193772407984,0.785104143360378,0.683092886318298,0.638946879490439
"173","Human_RNU6-8","Div",8.67758629813959,9.16885642414088,11.0344951677454,8.08244292900611,8.23703036368707,6.62417569218355,9.79510434901514,8.36352973714409,8.95401764602928,8.52567975016387,8.96305169911475,16.0038101961302,17.3657660030961,15.24912842158,14.376545582816,11.5208929312912,11.5708828776312,11.9701773445227,11.7375150431798
"174","Erinaceus_europaeus_RNU6-8_ENSEEUG00000018029","Div",10.72063015682,10.9176951717877,12.7047658472439,16.8522462759561,12.923381752264,14.6534943526153,14.4048078248504,14.5667905034223,17.8564354783168,16.1955341718194,18.4561257494482,14.8112796373746,12.9819804484529,14.3702106755976,13.3439744022332,12.6962353136588,12.4826431920671,13.1076179316047,13.1577618246935
"175","SynU61_3BP_Spacer-105","Syn",1.41733761933198,1.29780313846397,0.948372015763833,0.352751616003361,0.554988766034019,1.22980789722143,NA,0.375422606755325,3.31070073083943,0.403450810284203,0.610795211616254,0.771750621847773,0.841840066857292,0.626296661955679,0.462133112333216,0.254029243575544,0.227510855273319,0.322738465239049,0.297223898057617
"176","Cairina_moschata_domestica_RNU6-8_ENSCMMG00000005141","Div",11.927171737414,10.5936594941291,11.6520580095774,10.3746083546028,8.25927430394223,9.72698905499168,7.64033460571189,6.41836216174463,9.27734141365575,9.78997537930419,8.77134365814126,15.6601077196085,13.0491620013137,15.1619979398293,17.018455929923,4.95725830307926,4.92400132031973,4.90980174160999,5.31896803327897
"177","Myotis_lucifugus_RNU6-8_ENSMLUG00000030711","Div",4.61442420643644,2.75171621647689,3.33444575923802,7.75708698388137,6.04123426875759,6.80677587469681,7.17708367337079,6.0488649954226,5.6717980040753,7.39002162648447,4.92690934868853,4.75110226271063,4.35346106665761,4.11468396035543,4.70666814963612,4.58638354048061,4.7767565042154,5.05237447798777,4.85039551747967
"178","SynU61_3BP_Spacer-93","Syn",1.22060141787675,0.958741984796857,0.561854920097403,1.72161940563573,2.0755087809548,1.44799116586865,1.67265539933534,1.43323242002161,1.80254084612014,1.51753488822557,1.15044054568321,0.747280994923186,1.04309936709572,1.07661552441427,1.00940931593204,0.85505936962862,0.687629543244729,0.595837527383808,0.708870132651548
"179","Jaculus_jaculus_RNU6-8_ENSJJAG00000003449","Div",7.12430331451272,6.69628151171635,6.1924764998141,6.21253569298041,6.48911219268134,6.65068567901579,4.32457743024176,5.53718225145265,4.50415456033759,4.89274614035809,3.49442469670642,8.85117037073804,6.37445392202526,8.19142490395821,9.42477172626494,2.779048348485,3.56380977230151,2.69361589954725,3.08379903705361
"180","Camelus_dromedarius_RNU6-8_ENSCDRG00005015448","Div",1.08600371756771,0.684700246030731,2.18748538440113,1.54624104159585,2.09345539471367,2.38291767458929,2.21772822516118,3.2421513417674,1.67720284691688,2.09630287729776,2.35039637262382,1.6675800769078,1.29957541428853,1.93835266424468,1.98298250578337,1.83073777493455,1.70958843743769,1.4453531777025,1.84596118254096
"181","SynU61_3BP_Spacer-108","Syn",0.120577989604093,0.168853401711751,0.260793268437572,0.0137001461210233,0.142260494859908,0.0119408013516807,0.127453583771629,0.0248181118316886,0.150730061298257,0.0184343510470223,0.0836647862977142,0.0495873976448063,0.106745847427159,0.0570732420838689,0.078231499081276,0.0232101184438195,0.0156110910888238,0.0250208772691377,0.0233343134020589
"182","Equus_caballus_RNU6-8_ENSECAG00000038440","Div",2.88601808806343,1.97607192917527,2.83707730053217,2.94034400164752,2.52069353559541,3.14064078114946,2.75102261380126,3.19405188533644,3.73029288931315,2.58640581679257,2.3408325588641,2.72676382856576,3.76227125326263,2.75370544210004,3.47598070742665,1.10953477757433,1.14620607158348,1.23594099719301,1.03358998150208
"183","SynU61_3BP_Spacer-89","Syn",1.72888814888663,1.47801578238458,1.39042558953772,0.970858674401851,0.978310254400331,0.682246486538832,0.854076612709565,1.02307022407444,0.696311459961815,0.806919204554363,0.738862147066837,1.57387152325702,1.32668579842087,1.49871501814807,1.40502824454239,0.227633889913974,0.201564902079622,0.29707765946926,0.245056097082602
"184","SynU61-49","Syn",0.541376854945831,0.477569485192816,0.617843030541136,0.472636049676784,0.835548788626076,0.352608014603501,0.181550516563516,0.815698256540148,0.199942615483546,0.301491938107675,0.789420621940662,0.42461966237471,0.315723488541879,0.611172489320812,0.553807089582807,0.0869897138476341,0.0606848723475932,0.0431309034653684,0.0771221646640197
"185","SynU61-47","Syn",1.90199285877517,1.76554278527862,1.6357589560261,1.25847455326242,1.84142318486801,0.839574777913699,0.966715930156373,1.47025266398931,1.18586482104332,1.2666108390258,0.934132167823518,0.725463978290962,0.671170820607214,0.65629169413378,0.738534251403325,0.728243195564863,0.747268805517392,0.756680588761069,0.747636786596128
"186","Mus_musculus_U6_ENSMUSG00000094201","Div",NA,NA,NA,NA,NA,NA,NA,NA,NA,NA,NA,NA,NA,NA,NA,NA,NA,NA,NA
"187","SynU61-11","Syn",NA,NA,NA,NA,NA,NA,NA,NA,NA,NA,NA,NA,NA,NA,NA,NA,NA,NA,NA
"188","SynU61-21","Syn",NA,NA,NA,NA,NA,NA,NA,NA,NA,NA,NA,NA,NA,NA,NA,NA,NA,NA,NA
"189","SynU6_VSPH-82","Syn",NA,NA,NA,NA,NA,NA,NA,NA,NA,NA,NA,NA,NA,NA,NA,NA,NA,NA,NA
"190","SynU6_VSPH-55","Syn",NA,NA,NA,NA,NA,NA,NA,NA,NA,NA,NA,NA,NA,NA,NA,NA,NA,NA,NA
"191","Xenopus_tropicalis_RNU6-8_ENSXETG00000040183","Div",NA,NA,NA,NA,NA,NA,NA,NA,NA,NA,NA,NA,NA,NA,NA,NA,NA,NA,NA
"192","SynU61-3","Syn",NA,NA,NA,NA,NA,NA,NA,NA,NA,NA,NA,NA,NA,NA,NA,NA,NA,NA,NA
"193","SynU61-51","Syn",NA,NA,NA,NA,NA,NA,NA,NA,NA,NA,NA,NA,NA,NA,NA,NA,NA,NA,NA
"194","SynU6_VSPH-68","Syn",NA,NA,NA,NA,NA,NA,NA,NA,NA,NA,NA,NA,NA,NA,NA,NA,NA,NA,NA
"195","SynU61-44","Syn",NA,NA,NA,NA,NA,NA,NA,NA,NA,NA,NA,NA,NA,NA,NA,NA,NA,NA,NA
"196","Bos_taurus_RNU6-2_ENSBTAG00000048454","Div",NA,NA,NA,NA,NA,NA,NA,NA,NA,NA,NA,NA,NA,NA,NA,NA,NA,NA,NA
"197","Delphinapterus_leucas_RNU6-9_ENSDLEG00000012088","Div",NA,NA,NA,NA,NA,NA,NA,NA,NA,NA,NA,NA,NA,NA,NA,NA,NA,NA,NA
"198","SynU61-35","Syn",NA,NA,NA,0.172556650714015,0.217188522021846,0.267372939092713,NA,0.500144184377758,0.231875608237408,3.71496169066902,13.3649917929253,0.136891014788084,NA,2.46463294100492,0.195844896147043,0.849209643751492,2.3153200742235,1.95874113762115,1.37486039110456
"199","Bos_grunniens_RNU6-9_ENSBGRG00000008949","Div",NA,NA,NA,NA,NA,NA,NA,NA,NA,0.0511095571110315,NA,0.0188331393991809,0.0783985982053716,0.0753507384730917,0.0336798422769493,0.00741791986379413,NA,0.0586983819059585,0.0219304364366642
"200","SynU6_VSPH-77","Syn",NA,NA,NA,0.0272239190079983,NA,NA,0.0293642148256792,NA,0.0182912763792791,NA,0.032439509674302,NA,NA,NA,0.0270358017073138,0.0074432285367151,0.0111536926847338,0.0214176911775207,0.0251488678081866
"201","Meleagris_gallopavo_RNU6-2_ENSMGAG00000017138","Div",NA,NA,NA,NA,NA,NA,0.0165234017165651,NA,0.0102925996597477,NA,NA,NA,0.00632368957689264,0.204215656879986,0.00434662603533214,0.104708618900982,0.0502099432106869,0.0189386215741669,0.0707570163170278
"202","Rhinolophus_ferrumequinum_RNU6-9_ENSRFEG00010006397","Div",NA,NA,NA,0.0571563848426525,NA,0.0738021906625019,NA,0.027610674871917,0.0128007927108785,0.0205086058393946,0.0227021575953927,NA,0.0157294060038724,0.0120943219421355,0.027029254371756,0.0319981317539295,0.0565912821865177,0.0278362557141114,0.0241999232828023
"203","Phocoena_sinus_RNU6-9_ENSPSNG00000019978","Div",NA,NA,NA,NA,NA,0.257870094359864,0.35901531562875,NA,NA,18.9895091190764,NA,NA,NA,0.10564604900074,NA,0.0130004353854776,0.034092061744266,NA,0.0384346591908787
"204","Erpetoichthys_calabaricus_RNU6-9_ENSECRG00000000569","Div",NA,NA,NA,NA,NA,0.0696909604087557,0.097026071246183,0.195544444421431,0.0302192770298005,0.0484153798404191,NA,0.0356807473646489,0.0185664781971384,0.0856544606678285,0.0701897920417373,0.0175672334164028,0.00921358690766545,0.0101098489264441,0.0467424011842142
"205","Rhinolophus_ferrumequinum_RNU6-2_ENSRFEG00010005089","Div",NA,NA,NA,NA,NA,NA,NA,NA,NA,0.123878122620951,NA,NA,NA,NA,NA,0.00224742210268816,0.00147339782896544,0.00161672425827973,NA
"206","SynU61-4","Syn",NA,NA,NA,NA,NA,NA,NA,NA,NA,NA,NA,NA,NA,NA,NA,NA,NA,NA,NA
"207","Felis_catus_RNU6-9_ENSFCAG00000040245","Div",NA,NA,NA,NA,NA,NA,NA,NA,NA,NA,NA,NA,NA,NA,NA,NA,NA,NA,NA
"208","Ovis_aries_RNU6-9_ENSOARG00000021608","Div",NA,NA,NA,NA,NA,NA,NA,NA,NA,NA,NA,NA,NA,NA,NA,NA,NA,NA,NA
"209","SynU61_3BP_Spacer-85","Syn",NA,NA,NA,NA,NA,NA,NA,NA,NA,NA,NA,NA,NA,NA,NA,NA,NA,NA,NA
"210","SynU61-46","Syn",NA,NA,NA,NA,NA,NA,NA,NA,NA,NA,NA,NA,NA,NA,NA,NA,NA,NA,NA
"211","Salvator_merianae_RNU6-8_ENSSMRG00000000588","Div",NA,NA,NA,NA,NA,NA,NA,NA,NA,NA,NA,0.176059507931551,0.0610750475973992,NA,0.104950752550401,0.0462303989230132,0.0606168011998281,0.798160423742941,0.0683380815403013
"212","Microcebus_murinus_RNU6-9_ENSMICG00000046889","Div",NA,NA,NA,NA,NA,NA,NA,NA,NA,NA,NA,NA,NA,0.00221523640528846,0.00693107592224069,0.000272599288122062,0.000714858501776161,0.00235319149724253,0.00322366456937325
"213","SynU61-52","Syn",NA,NA,NA,NA,NA,NA,NA,NA,NA,NA,NA,NA,NA,NA,NA,0.001550773789349,0.0162668631350405,0.00892462026192966,0.00916945630026474
