Assembly_Position,Promoter_Seq_Name,Backbone_Seq_Name,iBC_Seq,Transfection_Replicate,All_TAPE_Positions_iBC_Seq_Read_Count,All_TAPE_Positions_Insertion_Proportion,Mean_All_TAPE_Position_Insertion_Proportion_Accross_Reps,Median_All_TAPE_Position_Insertion_Proportion_Accross_Reps,U6_Median_Human_Edit_Score,BB_BC2_Median_Human_Edit_Score,Edit_Score_3N,Normalized_Edit_Score_3N,Predicted_Multiplied_Edit_Score
10,Human_RNU6-2,233,CACGGA,1,1651,12.379095748669117,9.32291874730537,9.64329451822033,15.15,55.53,1.1533993412064076,0.3109588112128276,970.331221070456
1,Ornithorhynchus_anatinus_RNu6-2_ENSOANG00000045249,3,GTCGGA,1,1318,9.882282372347605,6.331080107183865,6.28094092226276,48.63,11.53,1.0804810229163142,0.28877493797979814,605.8299234251667
5,Cairina_moschata_domestica_RNU6-8_ENSCMMG00000004654,18,CCAGGA,1,786,5.893379320686811,9.394163945237747,9.37500605217037,20.64,28.25,1.5685311698429458,0.43725398747884137,914.579154512025
9,Echinops_telfairi_RNU6-8_ENSETEG00000021251,13,ACAGGA,1,1813,13.59376171552823,11.301922635909069,10.793259543744457,15.87,53.52,1.531809377603964,0.4260821502365405,1301.0612893042091
8,Canis_lupus_dingo_RNU6-8_ENSCAFG00020008041,245,ATTGGA,1,1705,12.78398440428882,17.752347584868556,15.737062254876083,16.67,53.04,1.4345467754571792,0.3964920378075216,1268.3929773740474
2,Human_Weissman_RNU6-1,15,TCCGGA,1,329,2.4668216240533853,3.519374822730142,3.3699550640880025,37.01,22.31,1.2368447672360692,0.33634533679825973,1021.2541900779283
6,Camarhynchus_parvulus_RNU6-2_ENSCPVG00000016608,16,ATAGGA,1,1078,8.082777236260029,10.453436471256682,8.851926235643827,18.56,35.77,1.1728373649873909,0.316872423396565,778.6364056463169
7,Ursus_thibetanus_thibetanus_RNU6-8_ENSUTTG00000011871,318,AATGGA,1,1605,12.034190597585665,14.312486485413523,14.514751569251366,18.53,40.96,1.0637254408069998,0.2836774025706588,807.3556958475759
3,Chelydra_serpentina_RNU6-2_ENSCSRG00000002895,269,ACGGGA,1,2643,19.81705031116443,13.651563052791312,13.037754476971365,33.37,25.25,1.6525332573244584,0.46280986566827154,1392.4121286221587
4,Camelus_dromedarius_U6_ENSCDRG00005003424,307,GTTGGA,1,409,3.0666566694159108,3.960706147303733,3.607032816840354,22.33,26.7,1.025724649564218,0.27211645663206857,611.5483190413319
6,Camarhynchus_parvulus_RNU6-2_ENSCPVG00000016608,16,ATAGGA,2,545,7.0486290739782715,10.453436471256682,8.851926235643827,18.56,35.77,1.1728373649873909,0.316872423396565,778.6364056463169
10,Human_RNU6-2,233,CACGGA,2,1020,13.191929643041902,9.32291874730537,9.64329451822033,15.15,55.53,1.1533993412064076,0.3109588112128276,970.331221070456
5,Cairina_moschata_domestica_RNU6-8_ENSCMMG00000004654,18,CCAGGA,2,1000,12.933264355923434,9.394163945237747,9.37500605217037,20.64,28.25,1.5685311698429458,0.43725398747884137,914.579154512025
1,Ornithorhynchus_anatinus_RNu6-2_ENSOANG00000045249,3,GTCGGA,2,523,6.764097258147957,6.331080107183865,6.28094092226276,48.63,11.53,1.0804810229163142,0.28877493797979814,605.8299234251667
3,Chelydra_serpentina_RNU6-2_ENSCSRG00000002895,269,ACGGGA,2,1333,17.240041386445938,13.651563052791312,13.037754476971365,33.37,25.25,1.6525332573244584,0.46280986566827154,1392.4121286221587
8,Canis_lupus_dingo_RNU6-8_ENSCAFG00020008041,245,ATTGGA,2,1291,16.696844283497157,17.752347584868556,15.737062254876083,16.67,53.04,1.4345467754571792,0.3964920378075216,1268.3929773740474
4,Camelus_dromedarius_U6_ENSCDRG00005003424,307,GTTGGA,2,320,4.138644593895499,3.960706147303733,3.607032816840354,22.33,26.7,1.025724649564218,0.27211645663206857,611.5483190413319
9,Echinops_telfairi_RNU6-8_ENSETEG00000021251,13,ACAGGA,2,618,7.992757371960684,11.301922635909069,10.793259543744457,15.87,53.52,1.531809377603964,0.4260821502365405,1301.0612893042091
7,Ursus_thibetanus_thibetanus_RNU6-8_ENSUTTG00000011871,318,AATGGA,2,793,10.256078634247284,14.312486485413523,14.514751569251366,18.53,40.96,1.0637254408069998,0.2836774025706588,807.3556958475759
2,Human_Weissman_RNU6-1,15,TCCGGA,2,289,3.7377133988618727,3.519374822730142,3.3699550640880025,37.01,22.31,1.2368447672360692,0.33634533679825973,1021.2541900779283
8,Canis_lupus_dingo_RNU6-8_ENSCAFG00020008041,245,ATTGGA,3,1096,26.751281425433245,17.752347584868556,15.737062254876083,16.67,53.04,1.4345467754571792,0.3964920378075216,1268.3929773740474
7,Ursus_thibetanus_thibetanus_RNU6-8_ENSUTTG00000011871,318,AATGGA,3,736,17.964364168904076,14.312486485413523,14.514751569251366,18.53,40.96,1.0637254408069998,0.2836774025706588,807.3556958475759
6,Camarhynchus_parvulus_RNU6-2_ENSCPVG00000016608,16,ATAGGA,3,699,17.0612643397608,10.453436471256682,8.851926235643827,18.56,35.77,1.1728373649873909,0.316872423396565,778.6364056463169
4,Camelus_dromedarius_U6_ENSCDRG00005003424,307,GTTGGA,3,126,3.0754210397852084,3.960706147303733,3.607032816840354,22.33,26.7,1.025724649564218,0.27211645663206857,611.5483190413319
9,Echinops_telfairi_RNU6-8_ENSETEG00000021251,13,ACAGGA,3,300,7.32243104710764,11.301922635909069,10.793259543744457,15.87,53.52,1.531809377603964,0.4260821502365405,1301.0612893042091
3,Chelydra_serpentina_RNU6-2_ENSCSRG00000002895,269,ACGGGA,3,357,8.71369294605809,13.651563052791312,13.037754476971365,33.37,25.25,1.6525332573244584,0.46280986566827154,1392.4121286221587
10,Human_RNU6-2,233,CACGGA,3,283,6.9074932877715405,9.32291874730537,9.64329451822033,15.15,55.53,1.1533993412064076,0.3109588112128276,970.331221070456
5,Cairina_moschata_domestica_RNU6-8_ENSCMMG00000004654,18,CCAGGA,3,259,6.321698804002929,9.394163945237747,9.37500605217037,20.64,28.25,1.5685311698429458,0.43725398747884137,914.579154512025
1,Ornithorhynchus_anatinus_RNu6-2_ENSOANG00000045249,3,GTCGGA,3,118,2.8801562118623383,6.331080107183865,6.28094092226276,48.63,11.53,1.0804810229163142,0.28877493797979814,605.8299234251667
2,Human_Weissman_RNU6-1,15,TCCGGA,3,123,3.0021967293141323,3.519374822730142,3.3699550640880025,37.01,22.31,1.2368447672360692,0.33634533679825973,1021.2541900779283
1,Ornithorhynchus_anatinus_RNu6-2_ENSOANG00000045249,3,GTCGGA,4,2214,5.7977845863775626,6.331080107183865,6.28094092226276,48.63,11.53,1.0804810229163142,0.28877493797979814,605.8299234251667
9,Echinops_telfairi_RNU6-8_ENSETEG00000021251,13,ACAGGA,4,6224,16.298740409039723,11.301922635909069,10.793259543744457,15.87,53.52,1.531809377603964,0.4260821502365405,1301.0612893042091
6,Camarhynchus_parvulus_RNU6-2_ENSCPVG00000016608,16,ATAGGA,4,3674,9.621075235027627,10.453436471256682,8.851926235643827,18.56,35.77,1.1728373649873909,0.316872423396565,778.6364056463169
7,Ursus_thibetanus_thibetanus_RNU6-8_ENSUTTG00000011871,318,AATGGA,4,6490,16.995312540917066,14.312486485413523,14.514751569251366,18.53,40.96,1.0637254408069998,0.2836774025706588,807.3556958475759
2,Human_Weissman_RNU6-1,15,TCCGGA,4,1860,4.870767538691178,3.519374822730142,3.3699550640880025,37.01,22.31,1.2368447672360692,0.33634533679825973,1021.2541900779283
5,Cairina_moschata_domestica_RNU6-8_ENSCMMG00000004654,18,CCAGGA,4,4746,12.42831330033781,9.394163945237747,9.37500605217037,20.64,28.25,1.5685311698429458,0.43725398747884137,914.579154512025
8,Canis_lupus_dingo_RNU6-8_ENSCAFG00020008041,245,ATTGGA,4,5643,14.777280226255007,17.752347584868556,15.737062254876083,16.67,53.04,1.4345467754571792,0.3964920378075216,1268.3929773740474
4,Camelus_dromedarius_U6_ENSCDRG00005003424,307,GTTGGA,4,2124,5.5621022861183125,3.960706147303733,3.607032816840354,22.33,26.7,1.025724649564218,0.27211645663206857,611.5483190413319
3,Chelydra_serpentina_RNU6-2_ENSCSRG00000002895,269,ACGGGA,4,3374,8.835467567496792,13.651563052791312,13.037754476971365,33.37,25.25,1.6525332573244584,0.46280986566827154,1392.4121286221587
10,Human_RNU6-2,233,CACGGA,4,1838,4.8131563097389165,9.32291874730537,9.64329451822033,15.15,55.53,1.1533993412064076,0.3109588112128276,970.331221070456
