Insert,EditScoreAverage,Edit_Score_5N,Normalized_5N_Edit_Score,Plasmid_BC_Seq
AAAAA,-6.408271637558051,0.011773836937592316,7.243316693072317e-4,TTTTT
AAAAC,-4.280432722792317,0.05145900162128349,0.008824496075091115,GTTTT
AAAAG,-5.0700131400697765,0.029769666295448634,0.004397471936682082,CTTTT
AAAAT,-4.597948353122604,0.04129330340468227,0.0067495688948621384,ATTTT
AAACA,-0.19703409197936497,0.8723420914211367,0.17637546980304505,TGTTT
AAACC,0.29196487796256787,1.224306586610372,0.24821516856088233,GGTTT
AAACG,-0.04125050595720797,0.9718122302862983,0.19667838361721093,CGTTT
AAACT,-0.3918896425633129,0.762130711325753,0.1538801543551589,AGTTT
AAAGA,-1.216984094102825,0.43018105808070933,0.08612569781808418,TCTTT
AAAGC,-0.42887832327296627,0.7428391086499946,0.14994253296514556,GCTTT
AAAGG,-0.37375669905194303,0.7717702304848671,0.15584768279063027,CCTTT
AAAGT,-1.4644964836359684,0.3623619848717698,0.07228310330653716,ACTTT
AAATA,-1.082570968436874,0.47218660850470767,0.0946994776449236,TATTT
AAATC,0.450293461188175,1.366318153718122,0.2772012405669918,GATTT
AAATG,-0.11123243332424004,0.9257968549141029,0.18728615584949257,CATTT
AAATT,-0.146923401060441,0.9031744623298859,0.18266868479589127,AATTT
AACAA,0.14782975586840497,1.1079016030643902,0.22445567274196968,TTGTT
AACAC,0.20908171108564325,1.1559521752988728,0.2342633058460161,GTGTT
AACAG,0.8147742204819529,1.7590228459780428,0.35735644706750463,CTGTT
AACAT,-0.13971998437440106,0.9076953146576329,0.1835914388628303,ATGTT
AACCA,1.2498797032251252,2.3782159180789653,0.48374034197927346,TGGTT
AACCC,-0.18670609796006285,0.8786094380123876,0.17765470193378696,GGGTT
AACCG,0.971879372081786,1.9613940032773278,0.3986625537241973,CGGTT
AACCT,0.5907388528837102,1.5060178325700395,0.3057154315790496,AGGTT
AACGA,0.18172602198063545,1.1342400642497998,0.2298316329401354,TCGTT
AACGC,1.093926489380444,2.1345419105462886,0.4340038840821479,GCGTT
AACGG,0.4999368510308472,1.4141516614365905,0.28696456849351437,CCGTT
AACGT,-0.24565594956354672,0.8434322259529372,0.17047465862818945,ACGTT
AACTA,-0.43230652288222227,0.7410760351042804,0.14958267089342175,TAGTT
AACTC,0.6578146295583659,1.577690952749774,0.3203446780886387,GAGTT
AACTG,0.6293545232490068,1.5468727517546053,0.31405435532593773,CAGTT
AACTT,0.11949855888814366,1.0863572090155564,0.22005823266053132,AAGTT
AAGAA,-1.1351372769759225,0.4552915923061535,0.09125102505722625,TTCTT
AAGAC,-0.07393264148952237,0.9500447388217726,0.19223540697922778,GTCTT
AAGAG,-1.2381929939488314,0.4239032716214634,0.0848443347991928,CTCTT
AAGAT,-0.19126134579219023,0.8758396413820124,0.17708935696784192,ATCTT
AAGCA,0.17749935056225818,1.130921937974516,0.22915436805883338,TGCTT
AAGCC,1.045364500017097,2.063887738429463,0.4195826157149277,GGCTT
AAGCG,0.4131220654760446,1.3315642712452525,0.2701076033347083,CGCTT
AAGCT,0.39615088143619587,1.3159921482945987,0.26692916733594796,AGCTT
AAGGA,0.02228860763247919,1.0155692427055976,0.20560965547477514,TCCTT
AAGGC,0.6870695932924796,1.610009937663544,0.3269413268191193,GCCTT
AAGGG,-0.2195378181556096,0.8588405305595566,0.1736196575597248,CCCTT
AAGGT,-0.08871260961097534,0.9403615074738491,0.19025895642087454,ACCTT
AAGTA,-0.4354666445980953,0.739454536863761,0.14925170584800532,TACTT
AAGTC,0.9654369416256576,1.9526548225272222,0.3968787939385964,GACTT
AAGTG,0.00752751929630473,1.0052313145681644,0.2034995743349884,CACTT
AAGTT,-0.8941587547133846,0.5380608507125778,0.1081451114540094,AACTT
AATAA,-2.2179453796606,0.2149472592958091,0.042194189161511304,TTATT
AATAC,-0.01825286939884967,0.9874277741717747,0.19986568229081514,GTATT
AATAG,-0.4748635333897578,0.7195348486283502,0.14518588551174513,CTATT
AATAT,-0.6151857342700658,0.6528458399865245,0.13157394920347715,ATATT
AATCA,0.27518418066189415,1.210148572136336,0.24532536714987072,TGATT
AATCC,0.15391487364638265,1.1125844704989674,0.22541149581623185,GGATT
AATCG,0.8708643461734065,1.8287582163143834,0.3715901782142653,CGATT
AATCT,-0.21250274604441843,0.8630387570065315,0.17447656025130373,AGATT
AATGA,-0.16699528486848444,0.8906958116453345,0.18012165940459304,TCATT
AATGC,1.298905586844038,2.460421668794989,0.5005194104601036,GCATT
AATGG,0.5899174354736589,1.5051606055549995,0.3055404624234408,CCATT
AATGT,0.17260223723966658,1.1270896215251447,0.22837215149145063,ACATT
AATTA,0.07637957323780942,1.0543687913564646,0.21352905622433002,TAATT
AATTC,-0.13871942213485483,0.9083250531962674,0.18371997519967698,GAATT
AATTG,0.4300981037431188,1.3473251923123772,0.2733245750380602,CAATT
AATTT,0.02290863871717935,1.016005800544443,0.20569876157513953,AAATT
ACAAA,-0.22018162067915145,0.8584573585568104,0.17354144807659236,TTTGT
ACAAC,0.45865146844479016,1.3742566575064203,0.2788215736646035,GTTGT
ACAAG,0.8121185125684219,1.7557878213874216,0.3566961441243357,CTTGT
ACAAT,0.5246207040687548,1.4385553227229697,0.291945615443887,ATTGT
ACACA,0.9489334677707472,1.9304450220774374,0.3923455373300672,TGTGT
ACACC,1.4135040396402216,2.663833737245754,0.542037978159254,GGTGT
ACACG,0.760347067503619,1.6938980748447112,0.3440637882799295,CGTGT
ACACT,0.5018577636822612,1.416035823365542,0.28734914599277056,AGTGT
ACAGA,0.5592794578506357,1.473533089521302,0.2990849498493731,TCTGT
ACAGC,1.1325961253225592,2.192529304528714,0.4458397282436725,GCTGT
ACAGG,0.8159343505570034,1.760437917058006,0.3576452781328393,CCTGT
ACAGT,0.6875637611492924,1.6105615105287714,0.32705390871025475,ACTGT
ACATA,0.5656870194110718,1.480092169585909,0.3004237278863923,TATGT
ACATC,0.9459794926359636,1.926496403428349,0.3915395822461387,GATGT
ACATG,0.9310117828221172,1.9066126622567283,0.38748109908811446,CATGT
ACATT,0.5265573077586365,1.440487666108181,0.29234002729106956,AATGT
ACCAA,1.2289466267774385,2.3439578498552875,0.47674790571125947,TTGGT
ACCAC,1.4664636395418544,2.763436840517312,0.5623680314236531,GTGGT
ACCAG,1.8009670927109926,3.4845372867796907,0.7095523058084283,CTGGT
ACCAT,1.316308171485885,2.490280358250835,0.5066138867073697,ATGGT
ACCCA,1.332347324811631,2.5181205045372033,0.5122963568142238,TGGGT
ACCCC,0.4814076565181211,1.3961052002072105,0.28328109372238264,GGGGT
ACCCG,1.703877776294239,3.2577542468520018,0.6632634741379716,CGGGT
ACCCT,0.5161349344151829,1.4301187382677505,0.29022361878203007,AGGGT
ACCGA,0.849275288945773,1.8015956997458444,0.36604601954354643,TCGGT
ACCGC,1.4270903251024665,2.689038339934279,0.5471825057727029,GCGGT
ACCGG,1.3850358913612693,2.6117845493348386,0.5314141850459747,CCGGT
ACCGT,0.6929415143100642,1.6165762015912193,0.328281571159035,ACGGT
ACCTA,0.4484502639331613,1.3645736507391935,0.27684516894556027,TAGGT
ACCTC,0.36563476334521944,1.2884484020419567,0.2613071956300001,GAGGT
ACCTG,1.5422360881897044,2.912455664499439,0.5927843591227505,CAGGT
ACCTT,1.118425703027074,2.1710992860576264,0.44146563343473416,AAGGT
ACGAA,0.4037578847536156,1.3229494019236807,0.26834921683448165,TTCGT
ACGAC,0.8308388557805513,1.7787192989723855,0.3613767027155941,GTCGT
ACGAG,-0.43336147123183705,0.7405343328392526,0.14947210369682112,CTCGT
ACGAT,0.5521489522795306,1.4662681354782643,0.29760209542207994,ATCGT
ACGCA,0.6137583249240092,1.5302404079903533,0.31065951697720534,TGCGT
ACGCC,2.2949967113885927,4.907528722331354,1,GGCGT
ACGCG,0.7926459211592091,1.7322485170361215,0.35189152162212206,CGCGT
ACGCT,1.2863387920152929,2.4390828974005085,0.4961639401504702,AGCGT
ACGGA,0.17082074658799418,1.1256987105113794,0.22808825175271663,TCCGT
ACGGC,1.378885245647285,2.6006734229987867,0.5291462859261697,GCCGT
ACGGG,0.4181917586921114,1.3362516771467663,0.27106435275836654,CCCGT
ACGGT,0.5170572373191894,1.4310332935490417,0.29041028924681667,ACCGT
ACGTA,0.4595794229546832,1.3751408761668409,0.2790020521022553,TACGT
ACGTC,1.7986902244994152,3.4790423106122352,0.7084307227000547,GACGT
ACGTG,0.4829871445472704,1.39763451786459,0.2835932437298773,CACGT
ACGTT,0.6793503065463384,1.6014184209120335,0.3251877068269392,AACGT
ACTAA,0.02683588463931006,1.0187752981205365,0.2062640455009234,TTAGT
ACTAC,0.1818836670498242,1.134364010834451,0.22985693175699082,GTAGT
ACTAG,0.4637311467921872,1.379103895188884,0.2798109464555397,CTAGT
ACTAT,0.24203001284822737,1.1826556031525286,0.239713759624818,ATAGT
ACTCA,0.9347667626494892,1.911581568995587,0.3884953058281536,TGAGT
ACTCC,1.2525122608085135,2.382559529054722,0.48462691920022816,GGAGT
ACTCG,1.2023472463208051,2.30113758731863,0.4680078344727925,CGAGT
ACTCT,0.6350730706554809,1.5530164063014407,0.3153083405941949,AGAGT
ACTGA,0.16219667280552827,1.1189896348870396,0.22671885802583808,TCAGT
ACTGC,0.7129397336322132,1.63914074125988,0.3328872338169525,GCAGT
ACTGG,0.7659937779924051,1.7005409860754925,0.34541967715002075,CCAGT
ACTGT,0.890965629694468,1.8544169133088435,0.3768273913076189,ACAGT
ACTTA,0.15732493354362825,1.1152173672490173,0.2259488980598371,TAAGT
ACTTC,0.2622392580426182,1.1993387968897578,0.24311897699413473,GAAGT
ACTTG,0.48510075610679265,1.399683614421719,0.28401148614183064,CAAGT
ACTTT,0.7353948147304782,1.6648530186169785,0.3381353832324746,AAAGT
AGAAA,-1.5655613455398445,0.3378462283749323,0.06727917653089355,TTTCT
AGAAC,-1.0901417699078724,0.46971521464054594,0.09419503985889667,GTTCT
AGAAG,-1.146157075921142,0.45182716723209404,0.09054389903431385,CTTCT
AGAAT,-1.4406095983129086,0.3684116022933425,0.07351789459686968,ATTCT
AGACA,-0.8777025312802462,0.5442334245418942,0.10940499945555394,TGTCT
AGACC,-0.7023860793081206,0.6145549507021022,0.12375837124330927,GGTCT
AGACG,-1.0223965868008105,0.4922978735949326,0.09880440085584001,CGTCT
AGACT,-0.8037237713234829,0.5728686240003044,0.11524974837506283,AGTCT
AGAGA,-2.3859385410899714,0.19132024631015995,0.03737166439371064,TCTCT
AGAGC,-2.074311333099167,0.2374488488085703,0.04678700302275078,GCTCT
AGAGG,-2.4504067726160117,0.18295911879427845,0.035665069296117506,CCTCT
AGAGT,-2.918210550725959,0.13229124101723477,0.025323216279821953,ACTCT
AGATA,-1.038650373284993,0.48678264104036906,0.09767868320330736,TATCT
AGATC,-1.0169321573103012,0.4941660633478408,0.09918571826400427,GATCT
AGATG,-1.3499744477121276,0.3922989970890779,0.07839356606285805,CATCT
AGATT,-1.0667433464870837,0.47739542752231867,0.09576265303398686,AATCT
AGCAA,0.02829888895771676,1.0198089390502905,0.20647502261376363,TTGCT
AGCAC,-0.16661832726867523,0.890928569375685,0.18016916773415606,GTGCT
AGCAG,0.19833549054666264,1.147373808474944,0.23251236989398513,CTGCT
AGCAT,-0.16463036066805167,0.8921570736829393,0.18041991853590497,ATGCT
AGCCA,1.2190622878078798,2.327953575141891,0.4734812629391528,TGGCT
AGCCC,0.4599081141529144,1.3754542120992022,0.2790660073002895,GGGCT
AGCCG,1.0772416205556825,2.1099979840690306,0.42899420751374084,CGGCT
AGCCT,0.5942766207593603,1.5097154119424372,0.3064701468752713,AGGCT
AGCGA,-0.04947315210630282,0.9662891369947088,0.1955510615046044,TCGCT
AGCGC,0.01704680761614412,1.011886030698634,0.20485787271072317,GCGCT
AGCGG,0.07034879430411785,1.0499704998855874,0.21263131813246058,CCGCT
AGCGT,-0.6886706428075643,0.6204252714436409,0.12495656617333278,ACGCT
AGCTA,-0.2960958285782793,0.8144534625795784,0.16455978465774126,TAGCT
AGCTC,0.6659645125180292,1.5866286579342737,0.32216895882381796,GAGCT
AGCTG,-0.13909496253980785,0.90808864262033,0.18367172128545933,CAGCT
AGCTT,-0.0702698130115565,0.9524598522223245,0.19272835732374585,AAGCT
AGGAA,-0.31706154254693036,0.8027031462403604,0.16216142005660483,TTCCT
AGGAC,-0.7792615286466024,0.5826649652443431,0.11724928586682698,GTCCT
AGGAG,-0.6891269362195885,0.6202290753023026,0.12491652045314271,CTCCT
AGGAT,-0.7840154642672951,0.5807481408824662,0.11685804161744641,ATCCT
AGGCA,-0.25416666529734017,0.8384713156368184,0.16946208404312227,TGCCT
AGGCC,0.7871096107132941,1.7256137899541064,0.3505373032238823,GGCCT
AGGCG,0.0081394254483675,1.0056577648384863,0.20358661737306147,CGCCT
AGGCT,-0.06806979163833855,0.9539134030335747,0.19302504251170288,AGCCT
AGGGA,-0.7217678832323527,0.6063539586283868,0.12208446149347965,TCCCT
AGGGC,-0.3520040415764533,0.7834949920576576,0.158240831392008,GCCCT
AGGGG,-0.11130592654735048,0.925749694523386,0.18727652991190877,CCCCT
AGGGT,-1.952465714699436,0.25837426510408495,0.05105810315813196,ACCCT
AGGTA,-1.2402682893320387,0.42329393143134847,0.08471996198233989,TACCT
AGGTC,0.24017375474516137,1.181134905930751,0.23940336913996058,GACCT
AGGTG,-0.8051649258201622,0.5722966528268653,0.11513300297216092,CACCT
AGGTT,-2.373889934325246,0.19292473987964714,0.03769915860482098,AACCT
AGTAA,-0.2250247227290952,0.8555803639126538,0.17295422285532966,TTACT
AGTAC,-0.4362508706395795,0.7390526903859126,0.14916968470578754,GTACT
AGTAG,-0.05744431116229161,0.9609649315304333,0.1944643345139381,CTACT
AGTAT,-0.5310451764720089,0.6920531867715611,0.13957658589163716,ATACT
AGTCA,0.6197545384739559,1.5366137181054538,0.3119603773907335,TGACT
AGTCC,0.6043836619132855,1.5203291101120135,0.3086365156131152,GGACT
AGTCG,0.6135816008910718,1.5300529715010085,0.31062125919519945,CGACT
AGTCT,0.549225296159446,1.4632997167181374,0.29699620956589445,AGACT
AGTGA,-0.8602381811067031,0.550861606174781,0.11075788185797582,TCACT
AGTGC,0.471858269739283,1.3868947139981724,0.2814011354774047,GCACT
AGTGG,-0.2879423155046723,0.8190694467511576,0.165501956146314,CCACT
AGTGT,-0.8581892941528356,0.5516444847119931,0.11091767569811034,ACACT
AGTTA,-0.6639154156789174,0.6311630196701412,0.12714825484782405,TAACT
AGTTC,-0.8072174636029525,0.5714830191311248,0.11496693167690201,GAACT
AGTTG,0.0909213085067407,1.0650501088780562,0.2157092267914646,CAACT
AGTTT,-1.0792785443829958,0.47326543237321345,0.09491967707635929,AAACT
ATAAA,-2.2237536014111217,0.21408363146216106,0.0420179135307128,TTTAT
ATAAC,-0.27265435150346895,0.8277951198481875,0.16728295887618586,GTTAT
ATAAG,-0.7128647252345379,0.6101074593767372,0.12285059093759823,CTTAT
ATAAT,-0.3844172358306286,0.7660883908266807,0.1546879588553652,ATTAT
ATACA,0.2963620606252588,1.228043836725902,0.24897798107791763,TGTAT
ATACC,0.6830765621529086,1.6055599803774694,0.3260330431845869,GGTAT
ATACG,0.5127103766572737,1.4267280590210096,0.28953154506721024,CGTAT
ATACT,-0.14456283468258976,0.9046534640408842,0.1829705647833125,AGTAT
ATAGA,0.1235728030350598,1.0894294730809737,0.22068531444855496,TCTAT
ATAGC,0.544376366505232,1.458389790104389,0.29599404129700374,GCTAT
ATAGG,0.5132477943928245,1.4272596279038263,0.28964004393267123,CCTAT
ATAGT,0.06673854649019746,1.0473463037666775,0.2120956917802553,ACTAT
ATATA,0.2500936373584366,1.1892843023662998,0.24106674767100603,TATAT
ATATC,0.3313549066952797,1.2581944528433904,0.255132042663246,GATAT
ATATG,0.4905230354890437,1.4049541362984201,0.28508725574102056,CATAT
ATATT,0.22999194592982083,1.1728284017160457,0.23770792323938958,AATAT
ATCAA,0.313464283055989,1.2426881349766172,0.2519670381823442,TTGAT
ATCAC,-4.636639742213363e-5,0.9999678617787978,0.20242524761174635,GTGAT
ATCAG,1.1277655757450524,2.1852003750258504,0.4443438157442595,CTGAT
ATCAT,0.30863476003298146,1.2385351042843535,0.25111936042523453,ATGAT
ATCCA,0.6224990638517071,1.5395396928668783,0.312557599975133,TGGAT
ATCCC,-0.6707568477117479,0.6281770548140663,0.12653878764674578,GGGAT
ATCCG,0.6613160260673286,1.5815246323138652,0.32112717288224085,CGGAT
ATCCT,0.00959757962289216,1.0066747125195397,0.20379418721620735,AGGAT
ATCGA,0.3503605035532045,1.2748791569010731,0.25853756830503877,TCGAT
ATCGC,0.16930316541641746,1.1245152026129983,0.22784668519683007,GCGAT
ATCGG,0.35273310272107655,1.2769774976588075,0.25896586198234817,CCGAT
ATCGT,-0.4285316611071848,0.743017625348386,0.14997897012290146,ACGAT
ATCTA,0.01118672265389997,1.0077841857293979,0.2040206425043558,TAGAT
ATCTC,0.15741747938108822,1.115288908380482,0.22596350036604543,GAGAT
ATCTG,0.864959851091001,1.8212889816398938,0.37006562793632203,CAGAT
ATCTT,-0.07967585354896048,0.9462702319726918,0.19146498996642206,AAGAT
ATGAA,-0.21302905120631413,0.8627239719006653,0.17441230926153634,TTCAT
ATGAC,0.43889860515583273,1.3555690519574197,0.2750072345153558,GTCAT
ATGAG,-1.730073789005253,0.3014365390619757,0.05984757150294059,CTCAT
ATGAT,-0.6229497147319764,0.649341933843195,0.1308587646742047,ATCAT
ATGCA,0.315029478183622,1.244037072099777,0.25224237060335725,TGCAT
ATGCC,1.6694641108735988,3.1809641462955094,0.6475897974831817,GGCAT
ATGCG,0.47951532161557325,1.394275176095824,0.2829075663277774,CGCAT
ATGCT,0.1407177308292166,1.10245344245239,0.22334364518663352,AGCAT
ATGGA,-0.3654283496666683,0.7762383683428814,0.15675967727335688,TCCAT
ATGGC,0.8138086251386866,1.7578459264328499,0.35711622526461106,GCCAT
ATGGG,0.02208852742961264,1.015428408222269,0.20558090965809386,CCCAT
ATGGT,-0.05364107154966871,0.9635015739949735,0.19498209023361923,ACCAT
ATGTA,0.0788944843451692,1.0562083736870154,0.21390453455317668,TACAT
ATGTC,1.5043369916745692,2.8369426607370656,0.5773713515133561,GACAT
ATGTG,0.3230415475405571,1.2509651055889202,0.2536564559603949,CACAT
ATGTT,-0.3330487254299206,0.7938571188324034,0.1603558517311704,AACAT
ATTAA,-0.1292408161965812,0.9143124587497921,0.1849420683857381,TTAAT
ATTAC,0.13174173055109573,1.0956156131637003,0.2219479714667804,GTAAT
ATTAG,0.6042469244061182,1.520185021336927,0.30860710556085685,CTAAT
ATTAT,0.27085805239211486,1.2065252031609803,0.24458579898536567,ATAAT
ATTCA,0.3209072781073908,1.2491158425001911,0.25327900168579015,TGAAT
ATTCC,0.42533724737990464,1.342886381993451,0.27241856661813874,GGAAT
ATTCG,0.6242880673392135,1.541449972029468,0.3129475082796909,CGAAT
ATTCT,-0.6046326937727025,0.6576387918352423,0.1325522416780848,AGAAT
ATTGA,-0.0574571348234105,0.9609563898542565,0.19446259106693758,TCAAT
ATTGC,0.46109810212802976,1.3765892053913802,0.27929767150880125,GCAAT
ATTGG,0.4072052424934121,1.3261144042322865,0.26899522748477706,CCAAT
ATTGT,-0.183996540798758,0.8802611241940447,0.17799182865922253,ACAAT
ATTTA,0.03601624413168184,1.0252787820259974,0.20759147577025658,TAAAT
ATTTC,-0.20189978072069395,0.8694049526948536,0.17577596853462107,GAAAT
ATTTG,0.3958017885450506,1.3156737525743174,0.2668641793813576,CAAAT
ATTTT,0.0752234536086256,1.0535241997193832,0.21335666608381687,AAAAT
CAAAA,-6.865323519057568,0.008576926547806124,7.180824010577299e-5,TTTTG
CAAAC,-1.3894415658282508,0.3817125258148055,0.07623275462406982,GTTTG
CAAAG,-1.1703659124123222,0.4443086357778365,0.0890092867590479,CTTTG
CAAAT,-1.6566378877259271,0.31717745046211365,0.06306045902033557,ATTTG
CAACA,-1.3745162044803116,0.3856820198559122,0.0770429705976464,TGTTG
CAACC,-0.20919060399658063,0.8650223991972013,0.17488144273055617,GGTTG
CAACG,-0.00551573758119589,0.9961840812395463,0.20165293774009452,CGTTG
CAACT,-0.6053184704125228,0.6573262613720703,0.13248845088488317,AGTTG
CAAGA,-3.27223099140852,0.10350475908505745,0.019447588997605125,TCTTG
CAAGC,-0.18704340957036408,0.8784040373472444,0.17761277747234203,GCTTG
CAAGG,-0.31037361227565924,0.8064328916268747,0.16292270077858947,CCTTG
CAAGT,-1.4571991971528968,0.36419948890680165,0.07265815743315304,ACTTG
CAATA,-2.806546189016197,0.14293724688239695,0.02749617936212438,TATTG
CAATC,0.321073290382404,1.2492595877051003,0.25330834161171933,GATTG
CAATG,-0.19825231334247043,0.8716057908240442,0.17622518301612952,CATTG
CAATT,-0.5964025513193283,0.6614011452208418,0.13332017803966772,AATTG
CACAA,-0.5450772044793629,0.6853547253896618,0.13820935864458792,TTGTG
CACAC,0.1971022909765129,1.1463934652410777,0.2323122714080217,GTGTG
CACAG,0.5383897773746141,1.4523506129529298,0.2947613809768974,CTGTG
CACAT,0.6061866228799623,1.5222302794335691,0.3090245645021793,ATGTG
CACCA,0.6786207605853399,1.6006088159984144,0.325022457848982,TGGTG
CACCC,0.14153412807375365,1.1030774791573281,0.22347101771854896,GGGTG
CACCG,1.5982302430083528,3.0277167476392264,0.6163103726963992,CGGTG
CACCT,0.27416645832843606,1.2092951964103864,0.24515118408334716,AGGTG
CACGA,-0.05630603548987299,0.961723424907833,0.19461915108346997,TCGTG
CACGC,0.618571615712506,1.535354304095796,0.31170331758981074,GCGTG
CACGG,0.24277261715648488,1.1832645129992598,0.23983804460400698,CCGTG
CACGT,-0.7631729291635848,0.589199075112421,0.11858296722102421,ACGTG
CACTA,-0.02672550615309353,0.9816458185709211,0.19868552362630784,TAGTG
CACTC,0.405502652953493,1.324550319868858,0.26867598122262176,GAGTG
CACTG,0.71758456386444,1.6444265428271563,0.33396612216358157,CAGTG
CACTT,-0.0012868694516353,0.9991084077726115,0.2022498239035469,AAGTG
CAGAA,-0.625548129733262,0.6481734670241304,0.13062026816266026,TTCTG
CAGAC,0.4811155998731061,1.395822603732679,0.2832234127747932,GTCTG
CAGAG,-0.366898707578978,0.7754476490463785,0.1565982830508168,CTCTG
CAGAT,-0.716919061352967,0.6083953107936318,0.12250112319264056,ATCTG
CAGCA,-0.2256531601932068,0.8552077545602494,0.1728781693215302,TGCTG
CAGCC,0.5030356447913088,1.4171924107712826,0.2875852177896455,GGCTG
CAGCG,0.19064552385352376,1.1412742568627838,0.23126738650399895,CGCTG
CAGCT,0.23081054066217185,1.1734940611598437,0.23784379141521805,AGCTG
CAGGA,-0.2428411291330526,0.8450794401917572,0.17081087258250555,TCCTG
CAGGC,0.2268564745413159,1.1702822110152107,0.23718821862307693,GCCTG
CAGGG,-0.02310424016015255,0.9841129135937303,0.1991890839730703,CCCTG
CAGGT,-0.7256953197579209,0.6047055311359035,0.1217479999011805,ACCTG
CAGTA,-0.6467977480562337,0.6386964124046436,0.12868590046852835,TACTG
CAGTC,-2.29645135672798,0.20356319470638454,0.03987058043982955,GACTG
CAGTG,-0.7513180196532411,0.5940605866898664,0.11957525346581616,CACTG
CAGTT,-1.0419691362786547,0.4856641375218377,0.09745038473306629,AACTG
CATAA,-3.703841482286853,0.07674191188390489,0.013985007097691854,TTATG
CATAC,0.05021353792927549,1.0354181680705088,0.20966103235617153,GTATG
CATAG,0.11760025347216264,1.0849287147332605,0.2197666617767629,CTATG
CATAT,-0.3743700663625682,0.7714421791627432,0.15578072402495755,ATATG
CATCA,-0.14108433926864936,0.9068373141037563,0.18341631181971363,TGATG
CATCC,0.8389069298933993,1.7886944088737264,0.36341272879260894,GGATG
CATCG,0.550701661755791,1.4647979343368922,0.29730201172456716,CGATG
CATCT,-0.12538973886767557,0.9167563513241456,0.18544089286587118,AGATG
CATGA,-0.5283636183048541,0.6933407122533183,0.13983938354315237,TCATG
CATGC,0.1605056052900495,1.1176787698941073,0.2264512965317339,GCATG
CATGG,-0.1993176290890065,0.8709624167172714,0.1760938635147284,CCATG
CATGT,-0.4698173851413648,0.7220559890835674,0.14570047710636497,ACATG
CATTA,-0.5557384976294166,0.6803087275367002,0.13717941678782605,TAATG
CATTC,-0.343392129244158,0.7881859134227052,0.15919829835918187,GAATG
CATTG,0.5996277809863725,1.515325558198978,0.30761523742436375,CAATG
CATTT,-0.12085550033302377,0.9196421524708911,0.18602991558802318,AAATG
CCAAA,0.09133871508086044,1.0653582982192809,0.21577213151548244,TTTGG
CCAAC,1.2001183415876726,2.2975851688974274,0.4672827480713821,GTTGG
CCAAG,1.4664807789828842,2.763469670770949,0.5623747324277705,CTTGG
CCAAT,1.057553530155694,2.0813989665789423,0.42315684371898243,ATTGG
CCACA,1.3068579917422067,2.4740214209695033,0.5032952645952574,TGTGG
CCACC,1.5144163462587048,2.8568322914642623,0.5814310367923448,GGTGG
CCACG,1.7539147417274938,3.372725118755648,0.6867302525101568,CGTGG
CCACT,0.9019474976716682,1.8685866912195068,0.37971959376122205,AGTGG
CCAGA,0.924501267928856,1.8980279902045496,0.3857288761719031,TCTGG
CCAGC,1.2547579820186954,2.3862711457610275,0.4853844996656731,GCTGG
CCAGG,1.2624136017105678,2.3989674814602844,0.48797595688488093,CCTGG
CCAGT,-0.00891342468722244,0.9938407313528475,0.20117463509239664,ACTGG
CCATA,1.0104206565454523,2.014498395682541,0.4095017253033003,TATGG
CCATC,0.8249675878172615,1.7714952386138443,0.3599021951244605,GATGG
CCATG,1.227692671442332,2.341921424006903,0.47633224952579123,CATGG
CCATT,0.942738148321905,1.9221729473562905,0.3906571188554992,AATGG
CCCAA,0.9283627083377528,1.903114955152311,0.38676717984864856,TTGGG
CCCAC,1.1481519608130053,2.2162981287973533,0.4506911982033596,GTGGG
CCCAG,1.5187175556723238,2.8653622781284613,0.5831720978389567,CTGGG
CCCAT,0.942290256536288,1.9215762919136572,0.39053533513058697,ATGGG
CCCCA,1.633583277254725,3.1028270354484215,0.6316411816944087,TGGGG
CCCCC,0.482723611050545,1.397379238777271,0.283541138551705,GGGGG
CCCCG,1.9283914330583656,3.806305694844046,0.7752286618644669,CGGGG
CCCCT,0.7415989365622967,1.672027918155295,0.33959985657707514,AGGGG
CCCGA,1.0177079612804596,2.024699721724496,0.41158392450180326,TCGGG
CCCGC,1.6774535568259772,3.1986287534946776,0.6511953317833998,GCGGG
CCCGG,1.5319362620504264,2.891736829972244,0.5885554245245408,CCGGG
CCCGT,0.5070032693390257,1.4210952635687655,0.2883818315762623,ACGGG
CCCTA,0.4099648134777662,1.3286534085905013,0.2695134652920903,TAGGG
CCCTC,0.16179761972816006,1.1186801623416587,0.22665569138619723,GAGGG
CCCTG,1.116458814199775,2.168141348877575,0.44086188698057766,CAGGG
CCCTT,0.5529337031322333,1.4670659258233714,0.29776493292088385,AAGGG
CCGAA,0.6722526393537488,1.593559226263803,0.32358356156875195,TTCGG
CCGAC,0.862009860567953,1.8175686556180466,0.36930626980689835,GTCGG
CCGAG,0.5385185099463158,1.4524802128793595,0.2947878337009676,CTCGG
CCGAT,0.4387917247001102,1.3554686298534517,0.27498673729533424,ATCGG
CCGCA,1.318928673654406,2.4948077983413275,0.5075379854067862,TGCGG
CCGCC,2.047879716984742,4.134978181639994,0.8423142138566224,GGCGG
CCGCG,0.914427231973247,1.8848206258455873,0.38303311256534184,CGCGG
CCGCT,0.6275411660907111,1.5449296726002408,0.3136577521940306,AGCGG
CCGGA,0.5204642880898382,1.4344167977296707,0.2911008984542925,TCCGG
CCGGC,1.6320632953564536,3.099559707830106,0.6309742853595476,GCCGG
CCGGG,1.331139177576541,2.5160126530760007,0.5118661219011322,CCCGG
CCGGT,0.7363058060751829,1.6659046238408022,0.33835002704889433,ACCGG
CCGTA,0.8525190394954528,1.8056509585044775,0.36687374100860115,TACGG
CCGTC,1.4436834532601617,2.7201448028921966,0.5535316658694255,GACGG
CCGTG,1.467787738514472,2.7659742745748335,0.562885948715885,CACGG
CCGTT,0.40842097635121927,1.3272323686065757,0.2692234159099412,AACGG
CCTAA,0.4039480985047324,1.3231238391754647,0.26838482133377517,TTAGG
CCTAC,0.5808892541464573,1.495770933827637,0.30362393050744163,GTAGG
CCTAG,1.259060353944634,2.3933980501797905,0.4868391766956518,CTAGG
CCTAT,0.6238217734061023,1.5409518399880089,0.31284583422935575,ATAGG
CCTCA,0.9590572175526684,1.944039075383787,0.3951202282655864,TGAGG
CCTCC,1.171237312040999,2.2520475860067757,0.4579880428333848,GGAGG
CCTCG,1.202669731659843,2.301652017644522,0.4681128351764121,CGAGG
CCTCT,0.32394035353905787,1.2517447057311573,0.2538155806452293,AGAGG
CCTGA,0.6619482754285823,1.5822178745065678,0.3212686709906316,TCAGG
CCTGC,1.2241901949704963,2.336242763068676,0.47517317440109497,GCAGG
CCTGG,0.9557684326240742,1.9396124679683144,0.3942167105881122,CCAGG
CCTGT,-0.01825073527687086,0.987429234835889,0.19986598042790393,ACAGG
CCTTA,0.6351056706662307,1.5530514995970601,0.31531550350926213,TAAGG
CCTTC,0.6800626387098938,1.6022093181451802,0.3253491373682417,GAAGG
CCTTG,0.9834918681416172,1.977245304212022,0.4018979729202613,CAAGG
CCTTT,0.8932824303585286,1.8573972839017805,0.3774357166600616,AAAGG
CGAAA,-2.2402389774761406,0.21165126588182662,0.04152144183271892,TTTCG
CGAAC,-0.7516767145656357,0.5939129047358976,0.11954511000751256,GTTCG
CGAAG,-0.781905473482878,0.5815981262935775,0.11703153268463479,CTTCG
CGAAT,-1.6390604088501066,0.32106550823897095,0.06385405298580733,ATTCG
CGACA,-1.397612264898101,0.3795568082730585,0.07579274973459132,TGTCG
CGACC,-0.5416205801144349,0.6869987693918969,0.13854492551988223,GGTCG
CGACG,-1.2921656780738142,0.4083375996623961,0.08166721551646093,CGTCG
CGACT,-1.009713847207831,0.4966447454491073,0.09969164365677916,AGTCG
CGAGA,-1.9603619952012032,0.25696397221426837,0.05077024737225142,TCTCG
CGAGC,-1.4819998298924204,0.3579922275109999,0.07139118933017494,GCTCG
CGAGG,-1.4610950904454112,0.3632173213421293,0.07245768658185923,CCTCG
CGAGT,-1.3703170594459777,0.3868062310790103,0.0772724340711258,ACTCG
CGATA,-1.1222203137091755,0.4593862835831461,0.09208679511888355,TATCG
CGATC,-1.1360912804638414,0.4549906235107314,0.09118959412344126,GATCG
CGATG,-0.8700074645462964,0.5471440196839009,0.10999908289597417,CATCG
CGATT,-1.4562860065107008,0.3644300912424116,0.07270522582371376,AATCG
CGCAA,-0.2703542381759314,0.829115940360094,0.16755255239765032,TTGCG
CGCAC,-0.3573714549404748,0.7805854870878132,0.15764697046732673,GTGCG
CGCAG,0.21782901919913245,1.162982202707041,0.23569820924725435,CTGCG
CGCAT,-0.4351907248253752,0.7395959732961997,0.14928057452890542,ATGCG
CGCCA,1.4156021628472464,2.6677105908410788,0.5428292852320501,TGGCG
CGCCC,0.9989688851856792,1.9985710820421339,0.4062507911051413,GGGCG
CGCCG,1.557834271137347,2.944115501131986,0.5992464686749701,CGGCG
CGCCT,0.7020289843849831,1.6267910788922062,0.3303665363137067,AGGCG
CGCGA,-0.8480100972949612,0.5555504760653055,0.11171493009736959,TCGCG
CGCGC,-0.01518095021751797,0.9895325363814069,0.20029528665478816,GCGCG
CGCGG,-0.208428203693367,0.8654796459526962,0.17497477165896155,CCGCG
CGCGT,-0.6364915350400102,0.6432754184339834,0.12962052432478188,ACGCG
CGCTA,-1.0815463066892783,0.4725220941070213,0.09476795382629195,TAGCG
CGCTC,0.0673374745177034,1.047781194899787,0.21218445768824343,GAGCG
CGCTG,-0.2308171068935827,0.8521521171203924,0.172254481204709,CAGCG
CGCTT,-0.00295405759885192,0.9979544982001806,0.20201429868094553,AAGCG
CGGAA,-1.1687848271404049,0.4447958315461527,0.08910872859966058,TTCCG
CGGAC,-1.3661529968491,0.38792428584357885,0.07750064094590783,GTCCG
CGGAG,-0.6013381883146792,0.659142276774686,0.1328591189529602,CTCCG
CGGAT,-1.0247425826517949,0.4914979885060139,0.09864113579753374,ATCCG
CGGCA,-0.5075406397059018,0.7034205364218826,0.1418967829163826,TGCCG
CGGCC,0.8799884460829651,1.8403605625435122,0.3739583405413677,GGCCG
CGGCG,-0.9155124081649968,0.5301555396315623,0.1065315533411611,CGCCG
CGGCT,-1.1436348843295507,0.4526177649527999,0.09070526844194005,AGCCG
CGGGA,-0.8144623609185103,0.5686203509120665,0.11438263063145081,TCCCG
CGGGC,-0.11192492548317463,0.9253525799953757,0.18719547461100608,GCCCG
CGGGG,-0.5347282872384752,0.690288671308862,0.13921642950931312,CCCCG
CGGGT,-1.4971564599199876,0.35425092861824475,0.07062755041462451,ACCCG
CGGTA,-1.2420317925828517,0.4227768268788868,0.08461441544062073,TACCG
CGGTC,0.33801711578786026,1.2640180943712842,0.25632070986904637,GACCG
CGGTG,-1.3197428789640586,0.40060632958305015,0.08008918102404125,CACCG
CGGTT,-2.1082531472939716,0.2319276695856076,0.04566007159191877,AACCG
CGTAA,-0.8611990338626473,0.5504948476725174,0.1106830225449496,TTACG
CGTAC,-0.17406928761040452,0.8863391303959556,0.17923241440170992,GTACG
CGTAG,-0.01987695550038376,0.9863168218440156,0.19963892509896367,CTACG
CGTAT,-0.8540891365778999,0.553214495261152,0.11123813155783437,ATACG
CGTCA,-0.0381149986396262,0.9739266327999714,0.19710995566982217,TGACG
CGTCC,0.09406244059183,1.0673715334354643,0.2161830542461446,GGACG
CGTCG,-0.23517215631463564,0.8495836125624411,0.1717302220927149,CGACG
CGTCT,-0.2591627021054606,0.8355727206363536,0.16887044995928546,AGACG
CGTGA,-1.0007932010099352,0.4997251730357216,0.10032039170634797,TCACG
CGTGC,0.20179707575380265,1.1501301088477367,0.23307496013014253,GCACG
CGTGG,-0.04671262186539445,0.9681398566392536,0.19592881307775054,CCACG
CGTGT,-1.156764504144269,0.44851728680758196,0.0898683172188993,ACACG
CGTTA,-0.2519758977302973,0.8397455219685789,0.16972216311439275,TAACG
CGTTC,-0.23482509039392135,0.8497880195786796,0.17177194373984486,GAACG
CGTTG,0.1832345578990986,1.1354266883838997,0.23007383555289235,CAACG
CGTTT,-0.6921951107805272,0.6189114378739984,0.12464757663291295,AAACG
CTAAA,-3.1814345273607945,0.11022821585709074,0.020819918069759174,TTTAG
CTAAC,-0.3816058906274258,0.767582704382282,0.1549929641532048,GTTAG
CTAAG,0.2078846135812559,1.1549934047515564,0.23406761057493466,CTTAG
CTAAT,-0.4571879754103801,0.7284046435553828,0.14699630504073546,ATTAG
CTACA,-0.35116411301863554,0.7839512710371778,0.15833396278703873,TGTAG
CTACC,0.5196900265489643,1.4336471854683406,0.29094381240223327,GGTAG
CTACG,0.0261769284232512,1.018310075045698,0.20616908852086316,CGTAG
CTACT,-1.054530289786235,0.4814539469988639,0.09659104004626508,AGTAG
CTAGA,-1.003312483174408,0.4988532977534483,0.10014243268352312,TCTAG
CTAGC,-0.01100930904324,0.9923979711804565,0.20088015238865506,GCTAG
CTAGG,0.6066133368938665,1.5226805846229836,0.3091164765830818,CCTAG
CTAGT,-0.9531351886963852,0.5165087917751654,0.10374610688724929,ACTAG
CTATA,-0.37553356392697673,0.7708202810941727,0.1556537880114822,TATAG
CTATC,-0.962583909482304,0.5131370461948384,0.10305789773521955,GATAG
CTATG,0.5587715033918044,1.4730143687030828,0.29897907341061397,CATAG
CTATT,-0.4849459161975247,0.7145238554639184,0.14416308848440063,AATAG
CTCAA,0.4500510158232281,1.3660885628055464,0.27715437861863507,TTGAG
CTCAC,1.2425020403987883,2.3660852262419,0.48126433869141233,GTGAG
CTCAG,0.7778544496253428,1.714579084375941,0.3482850023939631,CTGAG
CTCAT,0.9639485351055284,1.9506413370801978,0.39646782013315685,ATGAG
CTCCA,0.5799172197417377,1.4947634782861965,0.3034182981109975,TGGAG
CTCCC,0.01951430088422723,1.0136181766602317,0.20521142213342528,GGGAG
CTCCG,1.184325064802615,2.2725705223707444,0.4621769925319079,CGGAG
CTCCT,0.3821633317121609,1.303294690803405,0.26433748114706873,AGGAG
CTCGA,-0.4382261910568579,0.7380414809007914,0.1489632860894921,TCGAG
CTCGC,0.0910160292119626,1.065120037453643,0.2157234999578589,GCGAG
CTCGG,0.9230218650237566,1.8960826664608625,0.3853318148954303,CCGAG
CTCGT,-0.4640447749164158,0.7249509167984814,0.14629136265819692,ACGAG
CTCTA,0.03952124655585196,1.0277727071810827,0.20810051243251873,TAGAG
CTCTC,-0.06896258191734081,0.9533232705872278,0.19290459019974454,GAGAG
CTCTG,0.6712231190836965,1.5924224535962344,0.3233515341707885,CAGAG
CTCTT,0.40598331095753776,1.324991689502073,0.26876606946141973,AAGAG
CTGAA,-0.4917590070967619,0.7111574896449665,0.1434759773989141,TTCAG
CTGAC,-0.08900601360215192,0.9401702835784694,0.19021992558899478,GTCAG
CTGAG,-0.96812500636555,0.5111699716275199,0.10265639688419084,CTCAG
CTGAT,-0.6932419184711937,0.6184625236940575,0.12455594847184592,ATCAG
CTGCA,0.40805644663661234,1.3268970555262156,0.2691549749421394,TGCAG
CTGCC,1.6263558550879311,3.087321774844873,0.6284763930121816,GGCAG
CTGCG,0.9290515120194822,1.9040237997338347,0.3869526846988445,CGCAG
CTGCT,0.6557242431454501,1.5754066199612662,0.3198784214586885,AGCAG
CTGGA,-0.01479751268613732,0.9897955679494581,0.20034897419677286,TCCAG
CTGGC,0.03824070774704441,1.0268608589484338,0.20791439450516602,GCCAG
CTGGG,0.05673096069595399,1.0401062854264032,0.21061792699523949,CCCAG
CTGGT,-0.2924316541950997,0.8165246504742757,0.1649825361467684,ACCAG
CTGTA,0.4347292029644057,1.351657100202079,0.2742087635346174,TACAG
CTGTC,1.0970779334017071,2.1392097312993728,0.43495663596860407,GACAG
CTGTG,0.32705871316122515,1.254453255793418,0.2543684245348913,CACAG
CTGTT,-0.26477887364544966,0.832326298174844,0.1682078205893823,AACAG
CTTAA,-1.0295501434403702,0.4898628724575734,0.09830739121261214,TTAAG
CTTAC,-0.04337028160558696,0.9703853790324971,0.19638714809304195,GTAAG
CTTAG,0.26118716444044565,1.1984644910540774,0.24294052186949575,CTAAG
CTTAT,-0.26695906399357755,0.8310694425864542,0.1679512829894648,ATAAG
CTTCA,-0.25441939857065865,0.8383244439598823,0.16943210597098327,TGAAG
CTTCC,0.1885838245518031,1.139644471074698,0.23093472988193556,GGAAG
CTTCG,-0.07922222769472069,0.9465678140132957,0.19152572962750983,CGAAG
CTTCT,-0.6539949085714315,0.6355180874617049,0.12803717052679808,AGAAG
CTTGA,-0.7083144088896914,0.6120347999201072,0.1232439816515253,TCAAG
CTTGC,-0.10218729370018852,0.931619476656712,0.18847461490626466,GCAAG
CTTGG,0.424960023784688,1.3425353014159185,0.2723469073363805,CCAAG
CTTGT,-0.9114250100117808,0.5316596893582691,0.10683856630619101,ACAAG
CTTTA,-0.12638242976250183,0.9161257657653236,0.18531218364319105,TAAAG
CTTTC,-0.299328389099436,0.8126306083440293,0.1641877207110898,GAAAG
CTTTG,0.3893587741791286,1.3098111107487829,0.26566755179980267,CAAAG
CTTTT,-0.5766571680481031,0.6705156134972066,0.13518053800285054,AAAAG
GAAAA,-5.1883866353943295,0.027424580533509706,0.003918814978376084,TTTTC
GAAAC,-0.8238726142721967,0.5649234861648135,0.11362806119782559,GTTTC
GAAAG,-0.32941718320517727,0.795857927771611,0.16076423812647253,CTTTC
GAAAT,-0.670012379825092,0.6285012940424908,0.12660496832352958,ATTTC
GAACA,-0.5449424658599877,0.685418736188313,0.13822242392973796,TGTTC
GAACC,-0.33371603087719115,0.7934900123620652,0.16028092139415737,GGTTC
GAACG,0.14412845808082456,1.1050628756119178,0.22387625826173477,CGTTC
GAACT,-0.6373015761241375,0.6429143350153198,0.12954682335670756,AGTTC
GAAGA,-1.1841976301731445,0.4400692189794511,0.08814397667843545,TCTTC
GAAGC,-0.7378241166890666,0.5996430567361716,0.1207146950058942,GCTTC
GAAGG,-0.549175370479705,0.6834106471952301,0.13781255159797215,CCTTC
GAAGT,-1.9496553062822908,0.25887807562233683,0.05116093624600574,ACTTC
GAATA,-1.6033254117920774,0.32911748697226584,0.06549754752719114,TATTC
GAATC,-0.8784997875930137,0.5439327555474947,0.10934362971434788,GATTC
GAATG,-0.1382635268969507,0.9086121315391334,0.18377857094428554,CATTC
GAATT,-1.022879980907268,0.49213295029494736,0.09877073825534755,AATTC
GACAA,-0.15114506852880913,0.9005354229986877,0.18213002878610987,TTGTC
GACAC,-0.1663251640832129,0.8911096291209126,0.18020612395483204,GTGTC
GACAG,0.5171455468094305,1.4311208918875211,0.2904281689998431,CTGTC
GACAT,-0.05602065020690765,0.9619136860870479,0.19465798541473614,ATGTC
GACCA,0.57171293749582,1.486287218680768,0.3016882033287957,TGGTC
GACCC,-0.8227517258462721,0.5653625687350323,0.1137176826227292,GGGTC
GACCG,0.7323581766527023,1.6613524595264837,0.33742088187230207,CGGTC
GACCT,-0.3554369686002818,0.781632863533015,0.15786075114503087,AGGTC
GACGA,-0.04273023232785896,0.9708159844186004,0.196475039234461,TCGTC
GACGC,-0.12298221866870546,0.9182874801975148,0.1857534125618227,GCGTC
GACGG,0.13908998865104658,1.101210284365453,0.22308990339251902,CCGTC
GACGT,-0.2537096837871602,0.8387369480598528,0.169516302447285,ACGTC
GACTA,-1.0022212014491922,0.4992307825420737,0.1002194813457353,TAGTC
GACTC,0.37641595679764944,1.2981129839924785,0.26327983964789353,GAGTC
GACTG,0.18763285672997257,1.138893509797103,0.23078145069412367,CAGTC
GACTT,-0.3663792459197908,0.7757269096241143,0.15665528310637267,AAGTC
GAGAA,-1.807655352419272,0.2856547940636603,0.056626349413643154,TTCTC
GAGAC,-2.0255902573224804,0.2456046435727361,0.048451687520752205,GTCTC
GAGAG,-1.3977840701242945,0.3795116109452762,0.07578352447904164,CTCTC
GAGAT,-1.7225149769140833,0.3030200210084293,0.06017077701820297,ATCTC
GAGCA,-1.7748373458380116,0.2922272569407619,0.05796785902510038,TGCTC
GAGCC,0.19419506521000987,1.1440856533095913,0.23184122243514566,GGCTC
GAGCG,-1.4218385279943622,0.37323636754354944,0.07450268052525086,CGCTC
GAGCT,-1.1753332340884584,0.44278147395474804,0.08869757678027246,AGCTC
GAGGA,-1.8023075331474487,0.2867156315938706,0.0568428776420383,TCCTC
GAGGC,-0.9539522291639928,0.5162163605284771,0.10368641855800981,GCCTC
GAGGG,-1.3806735575315836,0.38403945523044,0.07670770567889157,CCCTC
GAGGT,-2.293090298766645,0.2040379903317813,0.03996749127932119,ACCTC
GAGTA,-2.43379326675618,0.18507818141757668,0.03609759252669191,TACTC
GAGTC,-0.21123522683978704,0.8637973365084193,0.17463139439976005,GACTC
GAGTG,-2.239849514857056,0.21170840989441006,0.04153310553376241,CACTC
GAGTT,-2.37036632086632,0.1933965118226801,0.037795452278566864,AACTC
GATAA,-1.2398546625855191,0.4234153089837889,0.08474473643238377,TTATC
GATAC,-0.4041389958994661,0.7556871542621881,0.15256495579194426,GTATC
GATAG,-0.01938320168562635,0.9866544406928248,0.19970783669864187,CTATC
GATAT,-0.488031073326624,0.7129975016993264,0.14385154343896295,ATATC
GATCA,-0.02807253260768052,0.9807296958059757,0.19849853322142766,TGATC
GATCC,-0.3695069732563701,0.7740469744656636,0.1563123904641733,GGATC
GATCG,-0.02997661157266057,0.9794361757077336,0.19823451200489856,CGATC
GATCT,-1.3493793745513625,0.39246084332089337,0.07842660060099368,AGATC
GATGA,-1.1162256953665377,0.46129907500515765,0.09247721620232267,TCATC
GATGC,-0.20954856030910884,0.8648077995699327,0.17483764066305435,GCATC
GATGG,-0.2604192547570036,0.8348452737512344,0.16872197030919692,CCATC
GATGT,-1.2235400335038122,0.4282306509255169,0.08572759896323003,ACATC
GATTA,-0.6097952539303114,0.6552896934938534,0.13207276570961476,TAATC
GATTC,-0.5956178706116534,0.6617609786356295,0.13339362386864959,GAATC
GATTG,-0.09304849755908724,0.9375395796471729,0.18968297092303113,CAATC
GATTT,-0.5567319873677601,0.679840404670895,0.13708382710744432,AAATC
GCAAA,-0.24724281451349792,0.8425050187553352,0.17028540577265353,TTTGC
GCAAC,0.4517312136636135,1.3676804696795348,0.2774793037512578,GTTGC
GCAAG,0.7712247275038772,1.7067180296823106,0.34668047748071673,CTTGC
GCAAT,0.19884653418157905,1.1477803129195367,0.23259534177678132,ATTGC
GCACA,0.29739207631606007,1.228920914717615,0.2491570020291017,TGTGC
GCACC,1.1286736486761628,2.1865762347039444,0.4446246433452202,GGTGC
GCACG,0.5123717922081635,1.4263932611328156,0.2894632092556117,CGTGC
GCACT,0.15863011660037304,1.1162267430226955,0.2261549223961143,AGTGC
GCAGA,0.2387943777688946,1.1800061492396954,0.23917297788810227,TCTGC
GCAGC,1.0161373386999324,2.0224966859969826,0.41113426146709225,GCTGC
GCAGG,0.5348216671168551,1.4487630605293897,0.29402912335174547,CCTGC
GCAGT,-0.02842825203499164,0.9804879110972697,0.1984491823895253,ACTGC
GCATA,0.3836978775571378,1.3046816987439707,0.26462058422702966,TATGC
GCATC,0.3362375997602121,1.2624599315429765,0.2560026722552209,GATGC
GCATG,0.7153503041099271,1.6418818383395979,0.3334467208992136,CATGC
GCATT,0.2715715044407778,1.2071220103396707,0.2447076136812218,AATGC
GCCAA,1.1608249551984662,2.235852405452899,0.45468243414778786,TTGGC
GCCAC,1.5302140541583504,2.888286897375475,0.5878512565704593,GTGGC
GCCAG,1.991994607253448,3.9778658055336855,0.8102459060446745,CTGGC
GCCAT,1.0534906577430627,2.0755456420956944,0.42196211790613497,ATGGC
GCCCA,1.4680328063923198,2.7664441653018197,0.5629818584134176,TGGGC
GCCCC,0.4201660992013842,1.3380816008494032,0.27143785965847755,GGGGC
GCCCG,1.246594647018911,2.372806815832108,0.48263628665188696,CGGGC
GCCCT,0.13331645701839517,1.0968121493631975,0.22219219723756023,AGGGC
GCCGA,0.8328223156973672,1.7811664168016499,0.36187618550457473,TCGGC
GCCGC,0.8671484663492973,1.8240540330150596,0.3706300043451841,GCGGC
GCCGG,1.4549308623642798,2.7414342302725045,0.5578770645406916,CCGGC
GCCGT,1.0624953048951784,2.088540767899471,0.424614561365131,ACGGC
GCCTA,0.4529861686647932,1.3688706894589273,0.27772224027348064,TAGGC
GCCTC,0.13858088212136013,1.1008217515000065,0.22301059970026396,GAGGC
GCCTG,1.6232407363190238,3.0806627109996034,0.6271172072215917,CAGGC
GCCTT,0.964249229924306,1.9510479433669086,0.396550812803013,AAGGC
GCGAA,0.23652929499681688,1.1781549510192229,0.23879512863251673,TTCGC
GCGAC,0.22101310585569936,1.1655517862933213,0.23622268860041246,GTCGC
GCGAG,-0.6517687640682756,0.6364994779389108,0.12823748276627092,CTCGC
GCGAT,0.2663835385297783,1.2027889662216538,0.2438231932683748,ATCGC
GCGCA,0.30913213339678564,1.2389621665200536,0.25120652837195323,TGCGC
GCGCC,1.8475118500782517,3.598789827545537,0.7328724651515545,GGCGC
GCGCG,0.3287779019712381,1.2559490171508898,0.25467372534449884,CGCGC
GCGCT,0.7672037502447725,1.7019678090951151,0.34571090691129347,AGCGC
GCGGA,0.09576970420904272,1.0686353925262215,0.21644102133542029,TCCGC
GCGGC,0.8219033846565589,1.7677366752194505,0.35913503234041233,GCCGC
GCGGG,0.10777622207727418,1.0775659897029406,0.21826385125057451,CCCGC
GCGGT,-0.01387277349332695,0.9904302108482246,0.20047851156571023,ACCGC
GCGTA,0.17237420741900267,1.1269114898155463,0.22833579291400408,TACGC
GCGTC,1.7699226247026616,3.4103566563185788,0.6944112497677402,GACGC
GCGTG,0.7570194122331716,1.6899955084652318,0.343267232954275,CACGC
GCGTT,0.4549714145988551,1.3707556447087816,0.27810697969797493,AACGC
GCTAA,-0.39876835038987807,0.7585055540791402,0.15314022118546108,TTAGC
GCTAC,-0.20014034645144485,0.8704658796060335,0.17599251500662322,GTAGC
GCTAG,0.2202053702973208,1.1648994002422477,0.23608952966528252,CTAGC
GCTAT,-0.04354230716841536,0.9702696781156005,0.1963635323047182,ATAGC
GCTCA,1.3065423893080013,2.473480265865646,0.503184809080074,TGAGC
GCTCC,1.4583415185507995,2.7479228853784408,0.5592014680942471,GGAGC
GCTCG,0.9597895293343124,1.94502611981111,0.3953216945364424,CGAGC
GCTCT,0.7962958761596476,1.7366365780561368,0.35278717157010736,AGAGC
GCTGA,-0.3070028349315977,0.8083192804365384,0.16330773280789554,TCAGC
GCTGC,0.8603989327135136,1.815540272766173,0.3688922552826043,GCAGC
GCTGG,0.6809423408618228,1.6031865841320068,0.325548607755339,CCAGC
GCTGT,0.11069858255488034,1.079750947514755,0.21870982439032244,ACAGC
GCTTA,0.2061571256230533,1.153611239382764,0.23378549591540296,TAAGC
GCTTC,0.12922453671147402,1.0937056652950146,0.22155813078283362,GAAGC
GCTTG,0.5210085090261681,1.4349579979747757,0.2912113631832849,CAAGC
GCTTT,0.4902724834738375,1.4047101599105671,0.2850374575640824,AAAGC
GGAAA,-1.3559547214590757,0.3906762011463811,0.07806233614261823,TTTCC
GGAAC,-0.8533903375809041,0.553482520979647,0.11129283845906793,GTTCC
GGAAG,-0.6124137011091358,0.6541014414776628,0.13183023082880066,CTTCC
GGAAT,-1.4681774237633043,0.36143862089908696,0.07209463489410337,ATTCC
GGACA,-1.282586055062516,0.41105801945487663,0.08222248214436777,TGTCC
GGACC,-1.140916476696776,0.4534714169546098,0.09087950789930656,GGTCC
GGACG,-1.305255820742334,0.4046493489119647,0.08091440429124942,CGTCC
GGACT,-1.192904970228809,0.43742119427094744,0.08760348665753168,AGTCC
GGAGA,-2.297194913627377,0.20345830641395812,0.03984917162321841,TCTCC
GGAGC,-2.977048913414134,0.12700446181716463,0.024244128387936614,GCTCC
GGAGG,-2.485383973687249,0.17857673289501336,0.03477057770066687,CCTCC
GGAGT,-2.7736615640530444,0.1462327581296288,0.028168828275552175,ACTCC
GGATA,-1.4641809072384024,0.36244125692462764,0.07229928357606735,TATCC
GGATC,-1.5432440340199776,0.34311306481768616,0.06835419389379775,GATCC
GGATG,-1.5820590176109697,0.3340048558839298,0.06649511152904759,CATCC
GGATT,-1.7625675507350278,0.29472318227900374,0.05847730394602896,AATCC
GGCAA,0.19344148986586696,1.1434882092300516,0.23171927774104886,TTGCC
GGCAC,0.4105220501688184,1.3291666961600135,0.2696182327469726,GTGCC
GGCAG,0.7712065444411889,1.7066965191312369,0.3466760869483467,CTGCC
GGCAT,-0.7260571637581056,0.6045538832653998,0.1217170469571104,ATGCC
GGCCA,1.402179363757286,2.6430053838111482,0.53778668958664,TGGCC
GGCCC,0.6232620681987712,1.5403541312113964,0.3127238355077697,GGGCC
GGCCG,1.12162820940942,2.1759240632660246,0.4424504218039095,CGGCC
GGCCT,0.13431843531711896,1.0975741702063166,0.22234773380038156,AGGCC
GGCGA,0.19163795585470875,1.1420596111637396,0.23142768567385838,TCGCC
GGCGC,-0.03613754886761092,0.9752624740006989,0.1973826150737117,GCGCC
GGCGG,-0.29039492258686983,0.8176781971167753,0.1652179872915088,CCGCC
GGCGT,-0.646248020981219,0.6389398287904358,0.12873558434308688,ACGCC
GGCTA,-0.7686545027909033,0.586964638846663,0.1181268950023212,TAGCC
GGCTC,0.9320325837940974,1.9079621926310424,0.38775655259800085,GAGCC
GGCTG,0.1858887901050694,1.1375175391522352,0.23050060044366366,CAGCC
GGCTT,0.07238668805689795,1.051454694549817,0.21293425805689506,AAGCC
GGGAA,-0.2949383108426687,0.8151071853680424,0.16469321643519694,TTCCC
GGGAC,-0.4403136747406728,0.7369743562247851,0.14874547458773787,GTCCC
GGGAG,-0.4508118552182578,0.7316310176134619,0.14765484231816137,CTCCC
GGGAT,-0.6471691011340746,0.6385320316111531,0.12865234859938435,ATCCC
GGGCA,-0.26416822179232063,0.8326786728372021,0.16827974400762394,TGCCC
GGGCC,0.47437198487996185,1.3893133105073368,0.2818947967614547,GGCCC
GGGCG,-0.34706302641282005,0.7861829457456722,0.15878947134251825,CGCCC
GGGCT,-0.14067597077600852,0.9070940393251695,0.18346871216924304,AGCCC
GGGGA,-1.2580237918146726,0.41811630464833793,0.0836631532602783,TCCCC
GGGGC,-0.5516509121583614,0.6822389783251313,0.13757340151373826,GCCCC
GGGGG,-0.4621262808836423,0.725915596879777,0.14648826412804744,CCCCC
GGGGT,-2.0266733773077696,0.24542032224574045,0.04841406557653055,ACCCC
GGGTA,-0.8837569534835915,0.5419542771475073,0.10893980121972215,TACCC
GGGTC,-0.557940848479474,0.6792709922962813,0.13696760398261112,GACCC
GGGTG,-1.3660567174115883,0.38795017515301,0.07750592522945349,CACCC
GGGTT,-1.2097620076397424,0.4323399301806425,0.08656634658645643,AACCC
GGTAA,-0.28984986886671615,0.8179871763053211,0.16528105323176973,TTACC
GGTAC,-0.2541230037480178,0.8384966914159232,0.16946726350966376,GTACC
GGTAG,-0.0668438156895908,0.9547243657777111,0.19319056863731754,CTACC
GGTAT,-0.44458246296300213,0.7347969468476551,0.1483010421638327,ATACC
GGTCA,-0.3271038032753341,0.7971351198498638,0.16102492662037374,TGACC
GGTCC,-0.5885129250721374,0.6650280393780968,0.13406046573131025,GGACC
GGTCG,-0.13119732305650292,0.9130733568486082,0.18468915450229811,CGACC
GGTCT,-0.6799359396993041,0.6241929900121401,0.12572559762583702,AGACC
GGTGA,-0.4320240460470739,0.7412211505321925,0.14961229049644653,TCACC
GGTGC,0.5598914493061932,1.474158295078546,0.299212560956482,GCACC
GGTGG,-0.4845045512207369,0.7147424838232959,0.144207712858996,CCACC
GGTGT,-0.9201438852592876,0.5284563127692039,0.10618472305690922,ACACC
GGTTA,-0.864513342070199,0.5492316455278587,0.11042518954536325,TAACC
GGTTC,-0.6585789637554909,0.6335019811588826,0.1276256617768014,GAACC
GGTTG,-0.7914270028679469,0.5777723213233147,0.11625064517942733,CAACC
GGTTT,-1.2034361016444788,0.4342398095843733,0.08695413218956637,AAACC
GTAAA,-1.3605081509086492,0.3894450940065841,0.07781105407505035,TTTAC
GTAAC,0.19455945719660855,1.1443746598465572,0.2319002117446881,GTTAC
GTAAG,0.5734370754510071,1.4880645146302882,0.3020509683444783,CTTAC
GTAAT,-0.31848099387379775,0.8019137640929929,0.162000298760432,ATTAC
GTACA,0.1867290893673664,1.1381802804422365,0.2306358729932499,TGTAC
GTACC,0.062818809965615785,1.0445045738747982,0.21151566447018819,GGTAC
GTACG,0.8860665856125848,1.8481304408531458,0.37554425538442315,CGTAC
GTACT,-0.7447287065828055,0.5967800832320438,0.12013033164851172,AGTAC
GTAGA,-0.5161075991492851,0.6992558874889472,0.1410467337527209,TCTAC
GTAGC,0.2488783121747228,1.1882828720534917,0.24086234508784088,GCTAC
GTAGG,0.4493048612049259,1.365382211348829,0.2770102047699619,CCTAC
GTAGT,-0.43933896007277057,0.7374724396116213,0.14884713870714672,ACTAC
GTATA,-0.32324664835974276,0.7992691727238209,0.16146050952062035,TATAC
GTATC,-0.03719366072130557,0.9745488031790851,0.19723694726477706,GATAC
GTATG,0.469253903232794,1.3843933371944144,0.2808905778543547,CATAC
GTATT,0.00970009921931594,1.0067462505433864,0.20380878888811782,AATAC
GTCAA,-0.01330172629965587,0.9908223202861239,0.2005585452744616,TTGAC
GTCAC,-0.3736387844824627,0.7718333115040161,0.15586055829789008,GTGAC
GTCAG,2.1147016392819857,4.331004403595487,0.8823252516925497,CTGAC
GTCAT,0.6219684093683814,1.5389735209545292,0.31244203826313005,ATGAC
GTCCA,0.36805079627952214,1.2906079310509684,0.2617479784805055,TGGAC
GTCCC,0.00878912681159222,1.0061107534083722,0.20367907716047226,GGGAC
GTCCG,0.5910668063310033,1.5063602194690244,0.30578531638850603,CGGAC
GTCCT,-0.0655641904473547,0.9555715519975937,0.19336348835978961,AGGAC
GTCGA,0.12913347421184448,1.093636633083936,0.22154404057397376,TCGAC
GTCGC,1.0191777666229187,2.02676351955875,0.41200516760085554,GCGAC
GTCGG,0.4100825423888785,1.3287618357334687,0.26953559642575414,CCGAC
GTCGT,-0.11457572796941,0.9236539016673786,0.18684875628845435,ACGAC
GTCTA,0.6366330075955596,1.5546965381420186,0.3156512733813093,TAGAC
GTCTC,0.3846241041854472,1.3055195881750803,0.26479160637598514,GAGAC
GTCTG,0.5258787470140723,1.4398103028945464,0.2922017702512764,CAGAC
GTCTT,0.8201364192028869,1.765572934768213,0.3586933898897342,AAGAC
GTGAA,-0.68665726650464,0.6212917203776349,0.12513341762073152,TTCAC
GTGAC,-0.23178637925059128,0.8515797923619735,0.17213766363135016,GTCAC
GTGAG,-1.370169689289631,0.38684574504743374,0.07728049929255315,CTCAC
GTGAT,-0.3767020362966004,0.7701962285178656,0.15552641224005148,ATCAC
GTGCA,-0.14290071238540822,0.9056963117356169,0.18318342109485503,TGCAC
GTGCC,1.7258979468693765,3.3078594746634002,0.673490484309064,GGCAC
GTGCG,0.35345215803158725,1.277614116131872,0.25909580258702203,CGCAC
GTGCT,-0.03915445448261197,0.973225175395846,0.19696678074936114,AGCAC
GTGGA,-0.13649474079874532,0.9097267996183972,0.1840060865605588,TCCAC
GTGGC,0.26540736821697125,1.2019753987571877,0.24365713549162377,GCCAC
GTGGG,0.389600832729954,1.3100308921783848,0.2657124115283008,CCCAC
GTGGT,-0.9031106269828056,0.5347325386616727,0.10746576754751523,ACCAC
GTGTA,-0.3649004702170859,0.7765224444957891,0.15681766023904836,TACAC
GTGTC,0.9003934848532144,1.8665750087658242,0.37930898796590945,GACAC
GTGTG,0.4830647000871699,1.3977096530872761,0.28360857962834907,CACAC
GTGTT,-0.9285404057186066,0.5253896168697874,0.10555877779081774,AACAC
GTTAA,-0.16383927891758424,0.8926464097479144,0.18051979723384087,TTAAC
GTTAC,-0.15073634168086875,0.9007905879076809,0.18218211065927092,GTAAC
GTTAG,0.5182395056374558,1.432206485870851,0.29064975028375584,CTAAC
GTTAT,0.1741995797500455,1.1283382188719202,0.22862700349637788,ATAAC
GTTCA,0.1007374910517784,1.072321482303719,0.21719339148306085,TGAAC
GTTCC,-0.13189630685987122,0.9126310811871576,0.18459888133349608,GGAAC
GTTCG,0.340561218371429,1.2662490778429591,0.2567760773357355,CGAAC
GTTCT,-0.33025819895084146,0.7953941194298655,0.16066956990849088,AGAAC
GTTGA,-0.319312632053164,0.8014516359898706,0.16190597349703298,TCAAC
GTTGC,0.4465154039201754,1.3627447893194795,0.2764718788686977,GCAAC
GTTGG,0.5989119360099954,1.514573861488121,0.3074618081267973,CCAAC
GTTGT,-0.35392906286042675,0.7824502537744187,0.15802758919123341,ACAAC
GTTTA,-0.07692536664642931,0.9480760096320503,0.19183356840215945,TAAAC
GTTTC,-0.02659571204579484,0.9817341377032804,0.19870355050103516,GAAAC
GTTTG,0.5977607891862081,1.5133658435458848,0.30721523881014606,CAAAC
GTTTT,0.31602373285015073,1.2448947141776585,0.25241742447770876,AAAAC
TAAAA,-6.925748227894289,0.008225116178104392,0,TTTTA
TAAAC,-1.566296668303891,0.33767407645339503,0.06724403849182183,GTTTA
TAAAG,-2.017561124141284,0.24697533520598783,0.04873146026876689,CTTTA
TAAAT,-2.9779489580957144,0.12692525308784025,0.024227961043413425,ATTTA
TAACA,-0.968163894402922,0.511156193158414,0.10265358455202825,TGTTA
TAACC,-0.5097059399665124,0.702365584267818,0.1416814559558857,GGTTA
TAACG,-0.6365720183333107,0.6432395331785328,0.1296131997622858,CGTTA
TAACT,-0.9918968621147616,0.5028162351134537,0.10095131036871663,AGTTA
TAAGA,-3.2646256716938336,0.10405183610583804,0.019559253239048235,TCTTA
TAAGC,-1.5705841355776713,0.33667205082010965,0.06703951439741239,GCTTA
TAAGG,-0.8966694229566535,0.5371252978199211,0.10795415515330543,CCTTA
TAAGT,-2.3211175798145054,0.2001123928160468,0.03916623505368044,ACTTA
TAATA,-2.2016652258229485,0.21738657824246008,0.04269208011556186,TATTA
TAATC,-0.608363259331525,0.6559404458253904,0.1322055911852027,GATTA
TAATG,-0.5829398005293202,0.6676020081580948,0.13458584014916938,CATTA
TAATT,-1.1510573356179767,0.45029509393085027,0.09023118657058338,AATTA
TACAA,-0.318256588620428,0.8020385081674932,0.16202576035345184,TTGTA
TACAC,0.46068877379432527,1.3761986883236417,0.2792179628197443,GTGTA
TACAG,0.3276453142376179,1.254963421303766,0.25447255474427594,CTGTA
TACAT,-0.415688127527084,0.7496618404056351,0.15133512511784897,ATGTA
TACCA,0.4631410973415419,1.3785399692799059,0.27969584317672475,TGGTA
TACCC,-1.2367889579324498,0.4243160166239539,0.08492858044626235,GGGTA
TACCG,0.981313590417392,1.974262179279434,0.4012890853777866,CGGTA
TACCT,-0.04122750439003109,0.9718277244703494,0.19668154614505096,AGGTA
TACGA,-0.6314156008064302,0.6455426852503977,0.13008329760822707,TCGTA
TACGC,-0.02037621846911061,0.9859755534162694,0.19956926858138888,GCGTA
TACGG,0.08573502283601446,1.0612282771889565,0.21492915027522266,CCGTA
TACGT,-0.5214337779005366,0.6966791159959015,0.14052078727130476,ACGTA
TACTA,-0.9576140366605582,0.5149077762608703,0.10341932258421399,TAGTA
TACTC,-0.10073323886345407,0.9325589050480813,0.18866636223749547,GAGTA
TACTG,-0.10415117061153578,0.9303521670547613,0.18821594353093715,CAGTA
TACTT,-0.6161777238999177,0.652397100864932,0.13148235677368184,AAGTA
TAGAA,-1.6375756554306111,0.3213961037439311,0.06392153104626984,TTCTA
TAGAC,-0.5193637840354443,0.6976794359080137,0.140724963209872,GTCTA
TAGAG,-1.4512057288516846,0.3657156502691904,0.07296762210084265,CTCTA
TAGAT,-1.0488669320103066,0.4833476283842835,0.09697756056788397,ATCTA
TAGCA,-0.7081935291933056,0.6120860828857974,0.12325444905052986,TGCTA
TAGCC,0.7638768713068123,1.6980475646212698,0.3449107432984646,GGCTA
TAGCG,-0.3017276629767155,0.8112802862108276,0.16391210559478922,CGCTA
TAGCT,-1.3286764280160306,0.39813333391838845,0.07958441629348735,AGCTA
TAGGA,-0.9037833896463616,0.5344832384212602,0.10741488271561803,TCCTA
TAGGC,-0.1950591511596378,0.8735370797607733,0.17661937963915642,GCCTA
TAGGG,-0.8518837116662175,0.5540608321675786,0.11141087792639248,CCCTA
TAGGT,-1.5055593178098663,0.35219362052335745,0.07020763194043496,ACCTA
TAGTA,-1.0182424912922845,0.4937174386568133,0.09909414919070494,TACTA
TAGTC,-0.2094367293875934,0.8648748379937538,0.17485132391871885,GACTA
TAGTG,-0.7436237217904661,0.5972373423877232,0.12022366310792672,CACTA
TAGTT,-1.3455558669135044,0.393502343570085,0.07863918188456295,AACTA
TATAA,-3.1741640482467464,0.11078511435432165,0.020933586979057117,TTATA
TATAC,-0.8923911193253349,0.5387205038393456,0.1082797536766182,GTATA
TATAG,-0.07238877114161191,0.9510619537866992,0.19244303137785637,CTATA
TATAT,-0.2911366758873601,0.8172579006627316,0.1651322003128215,ATATA
TATCA,-0.8059304635139778,0.5719930554417829,0.1150710355152552,TGATA
TATCC,-0.8501237887804459,0.5547371354130818,0.11154891861541077,GGATA
TATCG,0.4252370960370855,1.3427931625655614,0.27239953954094914,CGATA
TATCT,-0.7757654846109788,0.5840786337219466,0.11753783064609478,AGATA
TATGA,-0.6368710828603581,0.6431062061870751,0.12958598630458332,TCATA
TATGC,0.6225487009701756,1.539592662917089,0.3125684117260406,GCATA
TATGG,-0.20085563661934824,0.8700344084071796,0.17590444714360856,CCATA
TATGT,-0.822533291569358,0.5654481751243554,0.11373515579773627,ACATA
TATTA,-0.7020958463071517,0.6146785957309399,0.12378360850941428,TAATA
TATTC,-0.8004591124412782,0.5741664300068394,0.11551464439108132,GAATA
TATTG,-0.18665098355837864,0.878643003635812,0.17766155303470307,CAATA
TATTT,-0.5047206590155796,0.7047968302347876,0.14217769912887787,AAATA
TCAAA,-0.2935803349661282,0.8158747883434011,0.16484989237060838,TTTGA
TCAAC,0.4162141323587581,1.3344212167701592,0.27069073631738744,GTTGA
TCAAG,0.498600812358166,1.412842662179359,0.2866973878159202,CTTGA
TCAAT,0.10649338459525674,1.0766082490869708,0.21806836619944053,ATTGA
TCACA,0.6619735999531161,1.5822456484060576,0.32127433993906235,TGTGA
TCACC,1.1175632389311505,2.1698017591798506,0.4412007943918657,GGTGA
TCACG,1.1191504770308782,2.1721902662034815,0.44168831409173304,CGTGA
TCACT,0.24617017124996937,1.1860543906904661,0.24040748832815226,AGTGA
TCAGA,0.1210894489047017,1.0875558185913887,0.22030288162948417,TCTGA
TCAGC,0.09916754618190506,1.0711552136831501,0.21695534364722066,GCTGA
TCAGG,0.15626436092018178,1.1143978355145348,0.2257816229121093,CCTGA
TCAGT,0.5778096126082206,1.492581399580488,0.3029729126274427,ACTGA
TCATA,0.2789935343657964,1.2133481224517375,0.24597842941598197,TATGA
TCATC,0.34808669664918485,1.2728714243249097,0.25812776872175885,GATGA
TCATG,0.5593746818613368,1.473630352184254,0.29910480219386343,CATGA
TCATT,0.6732943061844666,1.594710236806108,0.3238184950684557,AATGA
TCCAA,1.3011299018224467,2.4642180177591655,0.5012942856810245,TTGGA
TCCAC,0.45149476226633417,1.3674563312100234,0.27743355470455044,GTGGA
TCCAG,1.5268699858624428,2.8815997992752465,0.5864863486901168,CTGGA
TCCAT,0.5503449490956386,1.4644358014109622,0.29722809654089183,ATGGA
TCCCA,1.1317386511396637,2.191226549181437,0.44557382201454215,TGGGA
TCCCC,-0.2126396385169623,0.8629568700511758,0.17445984625234826,GGGGA
TCCCG,1.636066612711973,3.1081725836528467,0.6327322649654499,CGGGA
TCCCT,0.9403595307834512,1.9190064103336033,0.3900107949537287,AGGGA
TCCGA,0.5818279050730646,1.49674443382037,0.3038226322150701,TCGGA
TCCGC,0.9786716762499514,1.9706501488221795,0.4005518315254804,GCGGA
TCCGG,1.3600895341516437,2.5670110997764017,0.5222754475523024,CCGGA
TCCGT,0.13151866232489953,1.095446223146238,0.2219133971617201,ACGGA
TCCTA,0.01459611742504607,1.0101686101273777,0.20450732889688417,TAGGA
TCCTC,0.12766296020453552,1.0925224761682613,0.22131662929162838,GAGGA
TCCTG,0.5182563351095067,1.4322231930881968,0.2906531604045993,CAGGA
TCCTT,0.8650584962751134,1.8214135176812567,0.3700910470675648,AAGGA
TCGAA,-0.02709921289650113,0.9813915720789206,0.19863362921182795,TTCGA
TCGAC,-0.1480008058919985,0.9025002233240701,0.18253106544015896,GTCGA
TCGAG,-0.31800211659249794,0.8021799894652405,0.16205463819183882,CTCGA
TCGAT,-0.15324808407770055,0.899223669447802,0.18186228592787218,ATCGA
TCGCA,0.7128310443522499,1.6390172568705406,0.3328620293390785,TGCGA
TCGCC,1.7404070446364404,3.3412942636543392,0.6803148805250786,GGCGA
TCGCG,0.4284776605665009,1.3458127186540423,0.2730158630700092,CGCGA
TCGCT,0.7130764167715009,1.6392960433225605,0.3329189326205305,AGCGA
TCGGA,0.1850363296230559,1.136845600666594,0.23036345064857905,TCCGA
TCGGC,0.46583929146733655,1.381120590107268,0.280222575348236,GCCGA
TCGGG,-0.1262070641358892,0.9162371314587482,0.1853349145662726,CCCGA
TCGGT,0.0889975406111289,1.063630859700476,0.21541954293194676,ACCGA
TCGTA,0.07355665587257594,1.0523077279773738,0.21310837125667417,TACGA
TCGTC,1.002978503692111,2.004133348139059,0.4073861088041586,GACGA
TCGTG,0.3002285227012949,1.2313394419009764,0.2496506491630176,CACGA
TCGTT,-0.03822159849101998,0.9738546726172141,0.19709526783078585,AACGA
TCTAA,0.3615896735273816,1.2848408553812989,0.26057085696829174,TTAGA
TCTAC,0.31385152741696554,1.2430217387870477,0.25203513026996494,GTAGA
TCTAG,0.8277899476476613,1.774964225910828,0.3606102523456188,CTAGA
TCTAT,0.5576124436288107,1.4718314256734908,0.2987376221504581,ATAGA
TCTCA,0.49458671737627463,1.408917090926669,0.2858961369508463,TGAGA
TCTCC,1.173112369636265,2.2549764546277644,0.4585858560853152,GGAGA
TCTCG,0.862461709946761,1.8181380038640813,0.36942247984240617,CGAGA
TCTCT,0.5567954485908697,1.4709981667233667,0.29856754513194517,AGAGA
TCTGA,0.28582591103245686,1.2191079763220742,0.24715407688210403,TCAGA
TCTGC,1.475659873850642,2.7811081990600095,0.5659749437449273,GCAGA
TCTGG,0.843941908911555,1.7949478250951272,0.36468911758663,CCAGA
TCTGT,-1.6220101874333572,0.32488247148369453,0.06463313580074652,ACAGA
TCTTA,0.7204802752051664,1.6477304750309103,0.33464048988384376,TAAGA
TCTTC,0.4448393721093405,1.3611625578981292,0.2761489285989159,GAAGA
TCTTG,1.0053966671453194,2.007495379417576,0.4080723351638181,CAAGA
TCTTT,1.1317859246581856,2.1912983513870903,0.44558847760877046,AAAGA
TGAAA,-3.255331209125542,0.10472434680654095,0.019696519829315935,TTTCA
TGAAC,-4.284094079891531,0.05132857148952972,0.008797873897279975,GTTCA
TGAAG,-2.6007277501253045,0.16485530859523456,0.03196988899002125,CTTCA
TGAAT,-3.3218897429611185,0.100002658388289,0.01873277297918773,ATTCA
TGACA,-3.297086815513012,0.10173677584469333,0.019086724804958717,TGTCA
TGACC,-3.088169758391337,0.11758942616541858,0.02232241942507069,GGTCA
TGACG,-3.228569809184884,0.10668506946772857,0.020096724188712046,CGTCA
TGACT,-3.374755491998646,0.09640451384360618,0.017998353389398734,AGTCA
TGAGA,-4.262720891585836,0.052094652871400804,0.008954239259269163,TCTCA
TGAGC,-2.7878237934262717,0.1448042856683563,0.02787726184568683,GCTCA
TGAGG,-2.998614008546895,0.12512014471053498,0.023859519215265003,CCTCA
TGAGT,-3.087501287282262,0.11764392371722872,0.022333542955309087,ACTCA
TGATA,-3.822897183166411,0.07066319623386125,0.012744276549291238,TATCA
TGATC,-4.0172146128955495,0.06175866541990484,0.010926767056151677,GATCA
TGATG,-2.5194938699472096,0.1744041324770651,0.03391890555430147,CATCA
TGATT,-4.279928356451831,0.05147699483878221,0.008828168682250247,AATCA
TGCAA,-2.30207725814981,0.20277092996295024,0.03970887077512551,TTGCA
TGCAC,-0.654231743208702,0.6354137685738205,0.12801587793171307,GTGCA
TGCAG,-0.8236710297785574,0.5650024271524303,0.1136441738934172,CTGCA
TGCAT,-1.297246408902377,0.4069020886850301,0.08137421245056334,ATGCA
TGCCA,-0.3100327502827289,0.8066234480440343,0.1629615953710618,TGGCA
TGCCC,-0.4590603167198468,0.7274599272719371,0.14680347839446287,GGGCA
TGCCG,0.5500971989186593,1.464184339343155,0.2971767704570192,CGGCA
TGCCT,-0.6172101835062443,0.65193038220851,0.13138709452950578,AGGCA
TGCGA,-2.1152301959071003,0.2308087469825835,0.04543168758207321,TCGCA
TGCGC,-0.5811599050730639,0.668426156744982,0.13475405764560133,GCGCA
TGCGG,-1.425646615709115,0.37225248487547313,0.07430185960310172,CCGCA
TGCGT,-1.2638422381819758,0.41643342084433216,0.08331965876814433,ACGCA
TGCTA,-1.4819305338544542,0.35800942313313455,0.07139469913963298,TAGCA
TGCTC,-0.13434210746837583,0.9110852086303576,0.1842833522948673,GAGCA
TGCTG,-0.6702154786010824,0.6284128215272534,0.12658691014172466,CAGCA
TGCTT,-1.3220495596405333,0.3999663242371717,0.07995854912258599,AAGCA
TGGAA,-3.0495632626134195,0.12077859807635306,0.02297336334839258,TTCCA
TGGAC,-2.4135746401152436,0.1876902170536841,0.03663073679495625,GTCCA
TGGAG,-1.9328175082036765,0.26191716054356157,0.051781245817637066,CTCCA
TGGAT,-2.752977133550966,0.14834445092048884,0.028599847244902814,ATCCA
TGGCA,-2.54740136011992,0.1710628800430584,0.03323692037791635,TGCCA
TGGCC,-1.2427618399795892,0.42256294311697445,0.08457075948885573,GGCCA
TGGCG,-2.36083492421722,0.19467844695199737,0.03805710887966161,CGCCA
TGGCT,-2.7883372038431022,0.14475276348261415,0.02786674561932408,AGCCA
TGGGA,-2.6875201778163635,0.15523005541594168,0.030005272392837082,TCCCA
TGGGC,-4.092010069473072,0.058638415505603204,0.010289890845748474,GCCCA
TGGGG,-2.0265930374281695,0.24543398943637112,0.04841685519557223,CCCCA
TGGGT,-2.974082421468935,0.12726587903664086,0.02429748642419873,ACCCA
TGGTA,-2.894549610988825,0.13447877462839328,0.02576971516762533,TACCA
TGGTC,-1.3160634707453231,0.40162932848095956,0.08029798598493908,GACCA
TGGTG,-2.6130631043428787,0.16345176893272076,0.03168341160969498,CACCA
TGGTT,-3.7122215586696776,0.0762974389332243,0.013894285438776419,AACCA
TGTAA,-2.0605259420773887,0.23972861956817512,0.047252328494056854,TTACA
TGTAC,-2.4144605559811874,0.1875749974862674,0.03660721925518346,GTACA
TGTAG,-1.0089470497410418,0.49690878403314587,0.09974553674144265,CTACA
TGTAT,-2.4298426102129533,0.18558569156301585,0.036201180747842725,ATACA
TGTCA,-1.5345130968681218,0.3451958207394415,0.06877930654024397,TGACA
TGTCC,-1.5844954065487986,0.33344127247539096,0.06638007815821688,GGACA
TGTCG,-1.317130260721881,0.4013324564739029,0.08023739124925383,CGACA
TGTCT,-1.6817454963165557,0.3117052811833376,0.061943531040631813,AGACA
TGTGA,-2.181714116155798,0.22041371223833198,0.04330995037615767,TCACA
TGTGC,-1.3719933519958334,0.38635705517072105,0.0771807524885178,GCACA
TGTGG,-1.6831014044063088,0.31141246450825566,0.061883764041355795,CCACA
TGTGT,-2.416295945696177,0.18733651720256883,0.03655854289158781,ACACA
TGTTA,-2.0375113681154375,0.24358355340874296,0.0480391615116568,TAACA
TGTTC,-1.9179502456621955,0.2646302248848783,0.05233501111969128,GAACA
TGTTG,-1.5804171845942063,0.3343851804432368,0.06657273981867416,CAACA
TGTTT,-2.142114172558521,0.22654755524928488,0.04456193300553568,AAACA
TTAAA,-2.695716301712936,0.154350675114819,0.029825781515803413,TTTAA
TTAAC,-0.905205482015794,0.53395664754691,0.1073073999146565,GTTAA
TTAAG,-0.49898322370736575,0.7076053084613172,0.14275093942021283,CTTAA
TTAAT,-0.953460141158858,0.5163924664962829,0.10372236366000034,ATTAA
TTACA,-0.6064542120771906,0.6568089940206288,0.13238287111415986,TGTAA
TTACC,0.03580047794318108,1.0251254551295386,0.20756018011912233,GGTAA
TTACG,0.2070644528574919,1.154336986735066,0.2339336286727586,CGTAA
TTACT,-1.0755968029309158,0.47447474282906754,0.09516651020879371,AGTAA
TTAGA,-1.0357683954935235,0.4877560268857153,0.09787736161223955,TCTAA
TTAGC,-0.0022583985084529,0.998435822044788,0.2021125419994455,GCTAA
TTAGG,-0.4300466971238008,0.7422377601889478,0.14981979134523624,CCTAA
TTAGT,-1.731753514976461,0.30108578153972276,0.05977597816020257,ACTAA
TTATA,-0.7367569269389335,0.6000867885364254,0.12080526538812088,TATAA
TTATC,-0.09633233900702191,0.9354079925696319,0.1892478913180718,GATAA
TTATG,0.03968510800291695,1.0278894483375887,0.20812434054481604,CATAA
TTATT,-0.4865058446042254,0.7137516869490932,0.1440054806738017,AATAA
TTCAA,-0.6958968972786156,0.6173254192540909,0.12432385335560563,TTGAA
TTCAC,-0.28370128579442505,0.8214807731285502,0.16599413351910716,GTGAA
TTCAG,1.148482145457132,2.216805423364421,0.45079474242267087,CTGAA
TTCAT,-1.0964101409500822,0.46767877453143275,0.09377938076266194,ATGAA
TTCCA,0.26954164197942315,1.2054247918550416,0.2443611933282358,TGGAA
TTCCC,-1.1512102863421791,0.4502473573628066,0.09022144302907603,GGGAA
TTCCG,0.6812451238711428,1.603523085323406,0.3256172912292467,CGGAA
TTCCT,-0.18637903126931032,0.8788086460564553,0.17769536241537406,AGGAA
TTCGA,-0.6893379047129327,0.6201383844611005,0.12489800948740294,TCGAA
TTCGC,-0.9413179502049142,0.5207569341688482,0.1046131979547119,GCGAA
TTCGG,-0.24093153665139977,0.8461987521590941,0.17103933606575064,CCGAA
TTCGT,-0.9210157555130732,0.5281370449181443,0.10611955709114652,ACGAA
TTCTA,-0.4302737150470009,0.7421209731942294,0.14979595387687203,TAGAA
TTCTC,0.09003589758222323,1.0643966667694607,0.21557585230375684,GAGAA
TTCTG,0.04250396357921702,1.0298997861597614,0.20853467188652916,CAGAA
TTCTT,-0.03296838405100558,0.9774071855716503,0.19782037352743514,AAGAA
TTGAA,-0.7918662183653148,0.5775964505219784,0.11621474807741565,TTCAA
TTGAC,-1.0553853636321593,0.4811686776306359,0.09653281353262962,GTCAA
TTGAG,-1.8939432566980683,0.26907061392785225,0.0532413417739902,CTCAA
TTGAT,-0.942953981460834,0.5201667250772568,0.10449272999864359,ATCAA
TTGCA,-0.0244671346338914,0.983183674436237,0.19899941637289828,TGCAA
TTGCC,0.5736667266972258,1.4883014067392337,0.30209932054470695,GGCAA
TTGCG,0.5219199981702302,1.4358648853388616,0.29139646854457474,CGCAA
TTGCT,-0.4987959968951045,0.7076971444206699,0.14276968411675242,AGCAA
TTGGA,-1.2537774319770374,0.4193487811723793,0.08391471483374222,TCCAA
TTGGC,0.02580754921650647,1.0180493862594207,0.20611587916556828,GCCAA
TTGGG,-0.8668716427058857,0.5483345777234108,0.11024208846068638,CCCAA
TTGGT,-0.875509928688227,0.5450611773379255,0.10957395260942497,ACCAA
TTGTA,-0.4291548850268969,0.7426967215266531,0.14991347023811583,TACAA
TTGTC,0.5327000405768607,1.4466340761883176,0.2935945749929954,GACAA
TTGTG,-0.27981842049676037,0.823694682044294,0.16644601588723867,CACAA
TTGTT,-0.7591900339919245,0.590827943583197,0.11891543660886339,AACAA
TTTAA,-1.8372607138686163,0.2798526445595061,0.055442068958586846,TTAAA
TTTAC,-0.8562826834552583,0.5523739989493245,0.1110665773167843,GTAAA
TTTAG,-0.08007404909858,0.9460090897429048,0.1914116880584817,CTAAA
TTTAT,-1.249466869426916,0.42060360790848256,0.08417083832331884,ATAAA
TTTCA,-0.28420218386764867,0.8211956077254282,0.16593592822585612,TGAAA
TTTCC,-0.13945801892517382,0.9078601494938169,0.1836250834069196,GGAAA
TTTCG,-0.41851049314359634,0.7481966994807416,0.15103607426436577,CGAAA
TTTCT,-0.944850032968704,0.5194835487545565,0.10435328644143226,AGAAA
TTTGA,-0.7079785315193968,0.6121773058306605,0.123273068624289,TCAAA
TTTGC,-0.38992561021939526,0.7631689547974703,0.15409207089578994,GCAAA
TTTGG,-0.400226665726035,0.7577392234404812,0.1529838049475091,CCAAA
TTTGT,-1.4082923848376598,0.3767573638471022,0.07522135333808298,ACAAA
TTTTA,-1.1686608747021443,0.44483404883727445,0.08911652915545258,TAAAA
TTTTC,-1.3927559622506716,0.38083659954148924,0.07605396875086609,GAAAA
TTTTG,-0.48548399259455777,0.7142574119516659,0.14410870452829758,CAAAA
TTTTT,-1.3326076417045365,0.39704993329591526,0.07936328269786522,AAAAA
