	Read_ID	Success_Count
0	014f1355-ce04-4fb5-9cbd-79f85bd99f0c	0
1	032f4d8f-2a4f-4a75-b066-69bb62774522	6
2	05cd4bd3-7621-4b70-b0f4-b6b6286449b1	0
3	07aaee73-26e2-4731-b93c-ef9a103454ac	1
4	07c34c30-5090-45a5-b9e8-c28bb2971234	0
5	0801a27e-53ea-402a-be0e-216d73ab76c6	1
6	0841dd33-0479-4549-b139-f17b9dbaae4c	1
7	086887dc-eb9a-4433-aa9f-86259121d71d	4
8	090387c8-3f8f-4ab4-a922-15fe57cbeccf	9
9	09a84c4d-add7-4061-b89e-7de975eb79aa	2
10	09fe2052-e8b1-4397-9143-ba3d27ddbe35	2
11	0a4291ca-e875-493c-8975-8801735259f3	0
12	0ae1c576-f2d5-4c68-9b4e-7f4c323461a8	0
13	0b9aaa49-f20e-469b-b084-ff90e780642d	2
14	0c19346a-2ca1-4447-96d0-ea9d7fb5df14	0
15	0c1c41e2-7e39-468e-9d9a-e8a35005b171	0
16	0cdbd4bf-20a4-4d75-a4a8-4ad61f5d038e	7
17	0d9243fb-7e67-46af-9ba1-8f2327319c89	1
18	0de8faae-4fc2-47f4-9c7e-5b85a50d4130	0
19	0dfb9bc9-26b0-45ca-877a-c05543664694	2
20	1043fc07-16f8-4436-9e53-0d97c0561b78	0
21	10e2d670-e5b1-476a-87b2-e31c95539a36	0
22	12667916-fb9e-4f10-91fc-4f350ae6750b	0
23	12850f34-d6a1-46f1-b4cc-fbf8e0bbd8fe	0
24	12cb9456-b9c2-4194-a242-7ab01a7268dc	0
25	13431d96-180c-45be-a68e-bb2c1a138dc9	2
26	1349fcd5-8693-4837-8d47-d8ca407fa32a	0
27	13694931-ab38-47fa-908e-5f989985496c	1
28	1552ac97-d025-47c8-9063-7f68721e926c	9
29	16ebd753-6e0b-4adf-b2a8-d0c95c0ffb8d	1
30	1993d52a-3e60-4de7-88d7-f9261464d835	0
31	1a3c8777-3749-4eba-b7e1-619e1c7b3ef9	0
32	1a43ac65-219f-49ef-b28a-9dc03ac4c6fc	2
33	1c201fa6-dc5f-4a9d-89bf-74ef7ba28d25	0
34	1c40d927-72f9-40a1-b936-b95b813251c7	3
35	1ccdfc68-e946-496d-90c2-5a0dbd1e502a	0
36	1df97a92-ece2-48a7-a453-bb5b20c5986c	0
37	1e888990-2e00-4851-b2ac-1c5e215b4654	0
38	1f1442b1-d963-4e7e-8c02-bd67486c6b94	0
39	1f61a2dc-a2de-4293-b783-98864da090a6	0
40	1fdf12ff-97a3-47a0-8c0b-c4dc4d921b8e	0
41	227ff079-6e95-48b2-b2bb-3fb7dd934db3	0
42	2299ed1a-e43f-4f4d-a119-a62d40a0ed64	1
43	22e3241d-958d-41a4-bb7e-0a4c060304fd	0
44	22ff711a-dcf3-459f-9600-fbc38c1019b4	4
45	233f9a6b-bfdf-4d57-bfb4-3a2c7f96123b	0
46	23ce9627-3b80-4df4-8f64-de9b39f2b428	0
47	24c08730-58a8-48a7-b222-246657cb217f	2
48	2506d45e-e43f-4cff-816f-7c65fb677553	2
49	260f8dff-4170-4c5b-be56-78d175d993c9	0
50	264c7d91-ac4d-4f35-943c-9d6509e719b5	2
51	26a28365-4955-4da5-af84-2892cfde9ec7	1
52	27319929-c1d1-49a9-be74-cf339d680034	0
53	28ac8654-d332-42d9-a1c9-4f0d3997f65e	0
54	29576bcf-e8fd-4238-baae-6952fc3baafd	0
55	2b8daaa7-ef58-4780-a010-c7ecd3bd8ff5	0
56	2bbc8356-e0b2-4e74-bc7c-3320c8710812	2
57	2c53198c-9ea9-4491-88f9-f42dfb4ebcd1	0
58	2e553999-7cdc-4531-9882-092d1251be84	2
59	2eb5b80f-5ce6-4442-b789-58f184a5617b	0
60	2fa22aea-2c48-4658-b2d9-18952e7a37ed	0
61	3005f8a6-811c-4629-b3a9-4dcb4f59b562	0
62	31a11a73-1c7f-4a47-822e-b10e4f2e7672	0
63	31b1e511-b7c6-4f3d-a320-5bd5b6cfd72c	9
64	3243943f-f1c6-4275-aad6-c00c38e56442	0
65	326c8834-f9ff-4411-92c7-2d9c472ca617	0
66	32fcdc5a-ac3f-43df-afbd-1c0ec12c92ba	0
67	358fd9e7-e2c7-45ec-b05d-7d90e6e0f243	0
68	3693f4ab-6ea3-4c59-a9dc-881fca488c51	2
69	36cf27d1-7de6-471d-8d3d-dee4da23163e	0
70	3701b2d0-93f1-442e-9db3-e6a24b288b11	5
71	378ff633-4b78-4096-be13-1d1c32eabfbf	0
72	38152510-4f21-44e3-a8a4-34c1cb512c5a	0
73	3aa43cb6-94d4-491f-b205-1cf214d3450f	0
74	3b2390d6-b4c9-4d1e-ba51-cbbb94b60f2e	5
75	3c0bf86a-0553-4459-a344-a8b89548b59e	1
76	3da9243e-9a6d-445a-b3a0-b19d23ff30bd	0
77	3db0ad4f-84d0-461f-a3e0-3db4cca4e4f5	0
78	3db751a6-8593-4456-b094-6349a50288ec	4
79	3e08a8fc-8bbe-4d05-89ab-d90a96d9d51f	0
80	3ec0044a-a1fd-4b38-9618-8a588e7ecdaa	0
81	3eec0a9f-8443-40d8-94f8-eee41b08be4b	0
82	3ef35272-50ca-47ef-bf83-33713bfe29ed	0
83	3f2567da-c643-45ad-ad66-c8b6c5fdde65	1
84	3fd9ba55-86d1-4c77-b766-2ff9567843f7	0
85	40903d7e-a220-4b4a-a942-b878fc61b974	0
86	40a5ac64-5bb9-4807-8297-48e826957f1a	3
87	41947996-fc53-40d6-9041-7973861b6c17	1
88	41a71292-1adc-4636-8378-6ab08711bb2f	0
89	42776f42-4436-402e-bc61-422c689747cd	0
90	4334f190-97a3-42ed-9b34-9f106035705b	1
91	438c1c5a-7b21-4d67-b17a-915d78d4607a	8
92	43cd9982-9fd8-45af-a7a8-69ec4c8273ae	0
93	441f7c6b-fd56-445e-9777-86e51c94f342	5
94	442230f6-578b-4d9f-8fe2-94d2abb05fb6	0
95	44e863ac-407d-4ccc-86bf-c602ec80290a	0
96	45b39ef1-d83d-497a-879a-330bb29bd38e	3
97	45e1b3b8-c798-4f3c-8359-df1f42d1e6a6	2
98	46663792-b000-4068-aab2-269012951cd7	0
99	46c0dd54-1cd1-4920-bf5a-b6eee62cba5b	0
100	4891d265-18ed-4358-81a5-28aafdaca3e1	2
101	494329e8-f95a-4a2c-bf53-9f04e1f25af4	0
102	4a1079d6-e567-4d90-a0a4-839d432547f2	1
103	4a717054-924f-4d59-9d4e-7b2329432082	4
104	4a95fd24-01f5-42a6-a455-63a3b1d1e060	0
105	4b466337-8a1f-40a1-aa47-2ecc50dc3e3a	5
106	4c382aa9-32e7-412b-a750-f2256a44558d	0
107	4d16caa0-22fc-416d-a3c7-523ac7686072	0
108	503b25ae-b8c2-4a74-9b53-6a6461476b37	0
109	50c5d8c0-d697-4c27-b955-94878e2ebfdd	5
110	51a1f0b8-cc2a-41d8-8413-d27a06d44be6	1
111	5292a474-64d3-48d4-a6e3-ee604a0d0361	0
112	52a943f1-2525-4aa0-bee4-4c524758bb35	2
113	54f274f6-3c3a-401b-9797-2dc43a043502	0
114	55c024bd-2dd6-4922-ae2e-68762c27f787	0
115	565e5ef4-d8a9-4593-9bb3-daade6f9b065	0
116	587dcbf3-3f65-491f-a3d9-c62b3d06b779	0
117	589d952c-9a5b-48f9-a360-b3a11feb13bb	0
118	59a4c47e-c2ec-4b3c-ad49-db2c36d06227	0
119	59f2fb15-4a6a-4c5a-bed0-d558db834254	0
120	5afa4cf1-129f-4f79-bea5-19a85ed306b4	6
121	5b27e01a-35f9-430b-add6-60280eba780e	2
122	5b797f58-1d16-40bd-bed1-495720114c91	3
123	5be242fa-513f-4432-9240-188bcc4633db	3
124	5f02fa06-b2b1-44e9-a929-0f0ae452920f	0
125	5f386501-ff9e-4f4a-bffc-fcab8db03839	1
126	5f6ccf69-5343-4d0e-bed1-a006c5fc2e43	0
127	5fb2c09f-0478-48e3-aa8e-99bf309c7d6e	3
128	5fc7a275-1e77-4c5d-85a6-e213827aca60	0
129	63fc5aa4-5c91-426d-868c-1a9159e13b10	2
130	646e8937-86e8-4fb3-b6d7-9a4fc40e713f	2
131	64dbcc9e-d9f1-4589-b408-669707df6955	3
132	6560aacb-6ecc-4f10-b4e4-158618323042	0
133	663ad016-de90-4619-98d6-51c677139ed5	2
134	664880f7-63b1-4f9e-8418-b6b6faf94be9	0
135	6704df88-af53-4d17-8851-ad0e963244bd	0
136	6760e233-a4fe-48d8-9cc6-56860bc0cd13	0
137	682c66ae-45e4-486f-9ffb-6bdc2ab4a56e	0
138	68998121-1fc8-4b45-afb8-f0451ff91655	1
139	68c75d31-557e-4589-a9f1-23c6135c33e4	0
140	69a7a524-c48e-42d6-8cc9-3a58e9543ed6	1
141	6a231a35-6aed-4030-a2f9-e04c9e823d81	0
142	6a311a6d-9574-4201-bf7b-0ab5e37f80c7	0
143	6b7493ff-88a5-48b9-839b-b4742432806b	8
144	6b972a5b-692b-4d3a-a981-7245e8c04470	0
145	6c23b5d1-871c-445c-8edc-f9a922b7fca3	5
146	6d3bb561-9877-43e3-8e20-635360a6217a	0
147	6e5c267f-6999-4c3b-a159-be002787868c	0
148	6e834c99-55cf-4ece-8596-76016185d304	9
149	6e9811f1-3970-4d0d-91b4-8b0263ce7020	0
150	6ed84d9a-7273-4c88-9656-4a072fc832d1	1
151	6f55590f-0e6a-4474-9cfd-eb8a153d17a5	0
152	703cfc7a-7bb0-4a24-9d0f-7a05ee516289	0
153	70a60e5d-49fb-4aaf-978f-f48d7f1b348c	0
154	71bcf646-8141-4579-8549-fba6949fe912	3
155	7233a057-20b4-446b-9550-c35796a25405	1
156	73a45f86-ec84-48a7-b679-4ab5993abc12	0
157	747d1557-7bd9-469d-ab84-06d5ce1e7729	0
158	75b42618-2681-4825-b304-2f2c43e80144	1
159	75e0a8a7-cadc-4270-a830-ba84b3ba8722	0
160	76741a0a-d0dc-4790-b40f-c78c719af9e5	0
161	781d0dcf-81dc-4146-b62d-64913a19fb9e	0
162	787b22db-c89f-4462-ae45-5c7cad12f0b0	5
163	78a71ede-ee5f-4417-ac6c-dfcadbfc9f69	1
164	78fe3384-e815-4852-89f2-ab4b1997c5ed	1
165	796c5c4b-849b-44a2-b8f2-58a518187606	0
166	7ab5ce34-907f-41eb-aa86-ab48ae103f27	0
167	7bfb3f1b-1dc6-4887-93e7-f404d81a61cb	1
168	7c1c47b1-4e2a-47b3-b1d0-f5330bb4334d	5
169	7eccbc21-aa32-45b8-b28a-31618a96b2f1	0
170	800a9925-1916-431c-892f-212ec9f61fea	0
171	8057b947-7503-41fb-9c1f-0c01b506390f	0
172	80c319f6-6e76-4de4-a857-47837a2b3ddf	0
173	80f79f0c-403e-458e-a9e9-11a532cfc75d	0
174	81786cc9-c3fe-4ecf-900b-00b8bc43f448	4
175	8251c7d7-f805-4a4e-a10e-bd5ca299728c	1
176	82c66cb6-7f11-423f-bf48-218ba70a90b7	3
177	842398fa-95d9-4f1d-85c1-370e18184cc3	0
178	847d9d72-e8c6-43f3-9932-d52bb3fe2f62	0
179	84ed9030-9f7d-439e-8a57-6d36049a128b	0
180	85f9ff6a-312a-454e-b0d9-2863dc5f2735	0
181	86428048-bd4f-4c5b-9f20-fd35fb72fe51	6
182	865ab2c8-a0d3-4b6f-989f-0053909a4b92	0
183	8781d096-7e81-4030-8196-9cbe6d2cb51d	0
184	880554ce-f45f-4f3e-8636-f4de3a194ff2	0
185	88f7a8f5-723e-4484-b18b-1904bb8aa624	2
186	8970615b-efe2-4538-a54b-1287a10f6614	0
187	897fafd9-6232-4309-b177-441523dad5e4	0
188	8a01bbea-04d3-46b8-b69f-3bcc65724460	1
189	8a0ffbff-85b1-494e-9e80-eb00ac84e22a	0
190	8b43447b-1c26-4ffb-ab98-9b59cb88a05d	0
191	8bf5b7c9-a97f-4a84-b771-bb51b5f2229e	2
192	8c16c2be-941e-496a-b018-86ccf46d9a81	0
193	8c881507-ea83-4c75-b7d5-175c2f8a60e0	0
194	8d097276-4fb4-411c-bb8a-17f28ab4f475	0
195	8d784dc9-8969-41e4-a58f-d22d9f4bb692	0
196	8dff2476-0008-4ec0-a95b-2ab0cdeb09aa	0
197	8ff742a4-cd97-48c6-ac47-1ec4aaef9610	1
198	90fb9b2e-156f-4e48-be15-0f9b8e5f1c98	3
199	911139c6-fde0-46e4-bd0b-8d0c11fb8045	1
200	915a448b-67ae-43d0-bfe5-93f977fa87ff	6
201	92662774-9fbe-4107-bccb-0878c9e8f624	2
202	927ed8f4-000f-42eb-926c-ea15505d1563	0
203	93138ba3-230a-4b67-b1a3-578a860c7cfd	0
204	93b85f6b-f649-40c9-88ff-9ce9c7c03b44	0
205	93c985a5-634a-41bc-9c4d-b552f25c7813	0
206	93dba415-d291-4f8b-8d38-320f4d3fd223	3
207	94d57006-07c1-4b6a-b9e3-4ce80349234c	0
208	998325cc-2bc9-4cd0-aef1-1a6bcfefaebb	0
209	9a34de49-b238-4ac7-a8f3-a739e04498aa	0
210	9a490090-1688-4b13-8e21-c41b56c36e35	0
211	9a7d9480-77ed-48a9-a81a-b9c7e992b391	1
212	9aab1e92-0a6c-41ba-9108-31167c7f9bac	0
213	9abf4237-99ef-4c66-83da-4a6b1ee4e5de	0
214	9b84b0d5-e88a-4382-aae3-ef215c4878f2	2
215	9b9d613f-d311-4810-96b9-891321a0dcdc	1
216	9bb7916e-8424-497e-b05a-545855cda448	4
217	9c213c47-cf2c-4881-bdda-78b251122359	1
218	9d0b05bf-75e2-43b5-bd8d-7d103cecca70	1
219	9d8c45c2-175d-4785-872e-00d917765a59	0
220	9e1507e5-4c15-4dc3-969b-568bc7cc9a08	0
221	9eb2281e-9a8e-4574-9967-cb6a9c862b27	0
222	a04d041b-8daf-4c8a-8332-f22c56594901	8
223	a18835c8-242b-4eb9-9ec4-951cf11ab980	0
224	a1cefdc8-2e7a-4120-a832-791a51a8120b	0
225	a2b8a710-9e9b-4430-a9ee-251b331187af	4
226	a32be0e9-77e4-434b-9750-a91ff17ebe8c	3
227	a515ec74-a0b1-4ae7-817a-16705082b145	0
228	a5519270-e416-4d80-8007-968c56e94f39	0
229	a5eceeab-9b11-4f6c-a319-2f20517c657f	0
230	a5fcbc20-e74f-40ae-b464-5c32457cde79	0
231	a88a7f52-ce95-404c-8f5c-4bf8a69b935b	0
232	a9eb5e86-c8a3-42d2-93c9-9bf7e15f25ab	3
233	abb4ad5a-530b-4203-b7ef-1ac5adc55ef5	3
234	ad0aeafa-ced4-4158-b279-766a9a9d3df7	1
235	ade63cd7-bf9c-47b2-89c1-85c1a51de898	0
236	adf081c7-2e9a-405d-be73-c7943f0f45f5	0
237	ae398f32-c4c2-4094-bd0e-d85e93a109a8	2
238	ae6b3654-221a-44ae-8b82-736177ac1d45	4
239	ae7bb983-ea85-4fd1-ab4c-ec8db6feff6e	1
240	aeef84b6-ea72-45e5-afc4-dd38cad3a3f8	0
241	af9dec75-e2c3-425e-8971-42b34fa33406	0
242	b00706ee-6a2f-47fb-bef2-872312d72770	0
243	b036432a-f18e-4f76-9572-2c56d9aa3a38	1
244	b09ab229-a974-40a6-a12e-c4d0c009d25d	2
245	b13a2029-4fea-4488-98a2-96b7d8108d9d	3
246	b170c539-395a-4337-987c-47a457f1f1b2	1
247	b189cb8e-fa18-48a5-a5fc-b201540509f3	0
248	b297f60d-6413-43e3-9d62-8df1ef7df2fd	3
249	b30de65f-afdf-4140-9c14-1df271bf9199	4
250	b36091d8-d9a7-4e59-a98b-b32a8453de48	2
251	b396a82a-f0e7-4850-90d0-cb7267ebba23	4
252	b49f437e-3075-4f7b-9800-e81372baaeb8	0
253	b4dd12f5-b972-45dd-a466-a9370d07d542	1
254	b59506fb-6f19-4d56-8673-2aac549e58e8	2
255	b59e1ecc-a225-40ec-bebc-0de7ba1e34dc	0
256	b6201fc0-1532-44ec-876e-6733344787b6	0
257	b6545c96-d56d-4c64-a559-810b64e72189	0
258	b7c13d74-adf0-4e9b-a8c7-814366a96476	3
259	b982f27a-f716-428a-8b03-d104645ee1db	3
260	b984c759-72f7-497e-ae4f-b6527da10612	0
261	ba207762-fb4d-4abc-9bed-e004fce4b5ed	5
262	baee1172-05c0-4b35-921f-882f5bae9f93	0
263	bc03f458-c5d6-4311-85fc-c3b6b6c57eea	1
264	bd82e382-1b2c-425f-b6ad-1c48aad10f70	0
265	be8c71e5-ac77-4deb-845d-e06e254795bb	2
266	be99c1e6-b007-4b25-a15d-5499b346937a	1
267	becb0924-f4ea-404b-981e-cc8043680b6a	0
268	bfb741ca-2126-4da8-9cc2-617bb71d3b41	2
269	c09ba025-8511-4371-b5c8-91f5f9a47250	0
270	c163f4e3-2c6e-4a1c-8817-803f98756313	6
271	c501e1d9-3550-4eb4-a4ba-746791d43b87	0
272	c598f24d-4ff9-4248-8ebc-406f41f5506c	0
273	c5e432ad-057f-425f-a3b6-a1d999f87d25	1
274	c65f9faf-80f2-4333-8b35-6734fc68e086	1
275	c699afeb-7aa0-4f8c-869d-f35543f254fa	3
276	c6b880e9-8527-45fd-80fb-7b2723747bbb	1
277	c6f220b6-c505-4522-b915-9aea5ece72b4	6
278	c7be0617-cc89-4ea8-a6ff-76cea111822f	0
279	c846279e-40e4-4b3e-b31a-cefbf7e4c354	2
280	c86bfe6d-3d66-44d0-88e8-892776feec2a	0
281	c8d90cd5-7049-4e5f-b0ac-619860fac673	0
282	cd71bdb9-c818-4a26-81f9-f8f21b3d6a76	0
283	cfc2eb31-7910-42e0-bf99-004c23146040	0
284	d015bc81-eb65-471e-909b-5d419a67e1b3	0
285	d06c7d16-f85b-4e1e-8e77-cd622482b9cc	0
286	d1bee57c-c7e8-4c06-af20-d3b242463f9a	2
287	d20590e8-5d90-4505-8f73-9b580af35b04	8
288	d318decb-a2dc-4ec5-92dd-20fc038aa2d7	0
289	d37ce7ae-ccbf-48fd-8a44-ca7891afb868	1
290	d395b471-aff9-4b0d-a7d6-f95fbae9131b	0
291	d44b4054-249d-449e-86cc-bc494a74cf7b	0
292	d464194a-23f3-48d9-8d2f-a29a73d45764	3
293	d4b91869-205c-4255-a7a4-40776bea9f7f	0
294	d5e4a79c-a792-47f5-87d7-cfa5db334c6c	0
295	d6a9b256-6681-4ffb-9b9b-97a9014ab8cb	2
296	d7368757-7946-4207-a5fa-b509439acd77	1
297	d7bcbe8c-0853-444c-86ea-239a3200682c	0
298	da16f870-0331-43c3-8ce2-9108d27a87f8	1
299	da9c96e6-097d-4bfa-af85-8808f4f8545a	0
300	dc6d6903-9b0e-4a73-a07c-316c0c701f2a	0
301	dcd10a66-868e-4f80-a26e-d4c29b7b3e95	0
302	dd4bb469-8910-4ae5-9aba-782d7eab1e0c	3
303	de9db762-2e57-469f-be7d-ed896af1fc48	0
304	deadd9e2-c6b6-4ea8-9eaf-7b7d7db62905	0
305	dfedaa64-4690-4147-a125-ef33186ae1c8	3
306	e1130646-16e5-4874-bef7-5759a8355c15	1
307	e206904d-e655-43de-8129-fe243ea04d3b	0
308	e28daeb5-3d65-46e0-b163-0f42e8bc9510	0
309	e2bccab0-b510-4955-aa33-e6c7310e2924	0
310	e2edb400-50ec-4591-b7ab-68e43fc077ce	0
311	e37ecdb9-aade-4845-ba8b-ee487129771c	0
312	e40af854-b0a2-44a9-9614-40636fd92b76	0
313	e436d0fc-3dfd-43ec-be7e-7f3ad3f503c6	0
314	e707b6ee-a9d7-4cf2-ab52-f66eb9fc9bc6	0
315	e756c592-fe62-4e74-befc-08193a122567	4
316	ea9879d0-9877-435d-ba56-93698a19fe82	0
317	eb2759c0-05de-4a32-bf1e-03036ff14b55	4
318	eb6008eb-2df5-41cb-9af6-6f400a627ba0	0
319	ec366791-5ce0-4bf6-8c6b-4f0297831669	2
320	ed0b12b2-2ff6-4d62-a7e7-8ac22d677a16	0
321	ee0fb41f-171f-4bbd-a322-4a937f92a360	1
322	f1991529-7e05-414e-bdf5-d8858c49b97c	0
323	f2b566ca-c24a-4238-a256-eaf3526603eb	5
324	f3ba7e55-6ef2-4805-9390-a14a2ebfde94	0
325	f4fd9da8-1d22-4580-b078-5d757f075f35	0
326	f60dcb06-49ae-473f-887e-81f24e8edfa0	0
327	f665969e-ebac-4170-a69a-0f04babcb33c	0
328	f6f0fe0a-949c-476e-bef3-89d67e01a796	9
329	f7e20683-4b7a-4210-8a29-5fbc60717134	0
330	f86ff7b3-0d95-4a9c-9a4d-19d9e14bd5ed	4
331	f88d11a2-00b7-4a05-9a74-898a9c01ecb4	0
332	f9c47a79-9201-4062-8a4f-b61801b593fa	1
333	f9fbc378-2e8c-4c8c-a88f-d9e130bf3cc0	0
334	fa4602fa-00ce-4ea0-bba0-154e0144d334	0
335	fa5d7ec5-73b6-44b7-8279-761cce1b7b62	0
336	faef7593-1fcc-4938-b9e6-eac6d3d16640	0
337	fb36b5fa-dc21-4968-adaf-d784840f598e	2
338	fb476c11-a2df-4e1f-98cd-6b01d3b2c986	0
339	fba64dff-509e-488c-a3d7-d1430c62c245	0
340	fdedfecb-23a6-4f55-85bd-9bd8d48a50da	0
341	fe9faf78-3668-446c-8fee-0f29f3d96ebb	0
342	ff2a6410-effa-4841-a658-25b6e877370f	2
343	ff4f65b3-e6a2-4bf8-bf6c-bc4d3b3f89f3	0
344	ff6948bd-35db-4373-ad59-10aa9d0acb52	8
345	ffd962ff-4029-4743-a738-b2a9792abfd9	0
