"","Oligo_Number","K562_Rep_1_Normalized_Edit_Score","K562_Rep_4_Normalized_Edit_Score","K562_Rep_2_Normalized_Edit_Score","K562_Rep_3_Normalized_Edit_Score","HEK293T_Rep_4_Normalized_Edit_Score","HEK293T_Rep_3_Normalized_Edit_Score","HEK293T_Rep_2_Normalized_Edit_Score","HEK293T_Rep_1_Normalized_Edit_Score","iPSC_Rep_4_Normalized_Edit_Score","iPSC_Rep_3_Normalized_Edit_Score","iPSC_Rep_2_Normalized_Edit_Score","iPSC_Rep_1_Normalized_Edit_Score"
"1",30,NA,NA,NA,NA,NA,NA,NA,NA,NA,NA,NA,NA
"2",2,NA,NA,NA,NA,NA,NA,NA,NA,NA,NA,NA,NA
"3",209,22.2727816861331,44.6484183898309,22.5829273760615,33.3417075789476,11.2430338200313,12.1420461974024,7.44414577522257,17.191289032809,24.256359525002,23.2982306651437,22.492931900264,26.0289293877093
"4",246,NA,6.78353346849886,0.0195205843657479,5.37923739904804,5.0508522253383,4.65953680832152,0.382479122057605,0.214720432486967,5.45475191379893,3.56238564259106,1.89502064563008,0.941343576952867
"5",129,0.191138966589145,NA,0.0452477831547147,0.0324708740262508,0.0821588383297551,0.139063313260526,0.118209114042952,0.202771440395693,0.526827277840567,0.323821174269448,0.648083720296117,0.015152704834117
"6",285,42.8178268082256,27.2784097773715,59.1508943800589,30.3449996139124,30.3474273015947,29.3399706569013,34.6960702737007,22.591724674427,21.7399271547309,21.199513208702,29.5811312141441,20.4041300532309
"7",309,2.28365710321915,0.0543020513429728,2.22829458042603,0.0417150425288762,1.31935909404458,0.397007554262628,2.08810518819789,4.09693351298975,15.3128332531684,6.96817046753317,14.4931877380409,10.9207316786797
"8",34,0.0301501047243771,0.133348185693995,0.11895580695423,0.0682923892044746,0.599384652456777,0.10561649527346,0.26415463110992,0.0823856103282573,0.311629894508133,0.234113403183832,0.340760658519426,0.207148526361516
"9",227,1.33421473451236,0.0867790928675932,4.39705581007701,5.63311048800464,7.49551521250394,6.89964754427905,0.318528177180993,6.32016118016955,6.12905476733422,2.51384338479472,2.90748137619403,1.10437380879113
"10",273,9.77784287173036,0.0457141031307102,3.16453906520723,8.70920151003503,4.3317321018234,0.233954163448137,3.78740720466461,4.96416407965278,4.70061716047135,3.89617039967618,8.95610389006808,6.11268019590109
"11",238,0.0187605658072449,NA,5.4625964304635,0.0637412642601191,5.98752647392218,0.212321902685348,9.47045522946752,13.2621756121664,1.68053790767477,2.08579325358592,1.88475122269881,1.47238727957113
"12",264,2.09417900569393,NA,0.0153008960288344,0.0658816984348911,0.0208369961269982,0.360527760944129,6.1608921970072,3.42220485518812,2.11554091695452,2.40221533336515,1.92369072775626,2.01373478229563
"13",51,0.0105601751827949,NA,0.0749964057994508,0.0179397285741708,1.0950740842154,0.0426836899449206,0.0489817294233288,0.147673984285949,0.109149414514008,0.0894534586329073,0.384580478191127,0.0251150072217479
"14",201,1.69523099408498,7.87256888269519,0.0133769068279325,0.0575974988633799,0.0728675118737027,0.0685203728953592,3.06659542344167,0.940073036196303,0.778747478742751,1.31035138235985,0.0638657847866865,0.0537563540023353
"15",18,20.894954900306,23.0608354353149,18.5390921846875,29.5826512790678,11.6507805215771,14.1521439462871,11.1474235780428,20.0022354584555,25.6579421174044,18.9956268448764,24.0441911327799,22.1086921706908
"16",185,2.01912572337742,NA,1.78600756826841,NA,0.183728293236682,0.118469079867194,0.125879038873006,0.133482849667033,1.23422230368485,1.8448517870112,2.12663584742479,2.71082761508159
"17",3,5.53267162402592,10.0734650439139,5.04975063960505,22.9961135814853,6.77773853528821,11.2559309695645,11.548096400234,5.43362574484255,4.46893330768073,6.17073291728979,5.9057075210419,8.216576165525
"18",233,13.6688902107069,4.90381990564877,13.3697080850026,3.11965711225547,8.13547198800499,11.3719020600074,16.5265862124854,7.95294670588027,6.2274230214911,3.92560006744224,7.20115833831752,3.98286127350042
"19",132,NA,NA,0.0106211336235647,0.0457318526382849,1.05587371762991,0.0435236065149794,0.0936479566578206,0.0389430692309828,0.015457947672682,0.370555641536954,NA,0.0320115157965127
"20",17,50.947106716161,42.4185016985042,59.7941126559446,59.836953177065,35.4392196948066,34.3665472890345,29.7573366753872,33.5944106796686,53.0003050982345,49.3846144108358,52.9434826406176,45.2139338621192
"21",59,1.0703790671106,0.132731306858331,0.0473622033423235,0.0169941158561932,0.0806232234496529,0.428598383325864,0.286132569815313,0.0916520750885987,0.356142088863769,0.275399536216173,0.314059512805717,0.539266785577448
"22",171,0.0150038458764549,0.0995387401311384,0.130233315669267,0.0509773593587398,0.145107603216267,0.0970316487045211,2.64453417104607,0.101289750588463,0.516929869225908,1.79521746565416,2.11027343268492,2.84276804609158
"23",276,NA,NA,0.013873378667239,0.0896027671751053,0.188929809739817,0.0994888226819274,0.231055380014119,0.0763014521407463,0.302868746052233,0.204778394805161,NA,NA
"24",212,4.26487906216256,5.0676044531428,8.08694728180075,3.05488675229695,0.196659455284479,0.218696421750147,2.53425836475062,4.03638461732633,9.28417711711112,8.20610207393806,10.1120814197019,6.03032547539044
"25",234,3.48798567970941,28.0154658198549,5.3488801438192,7.63038101446297,6.89522598506148,10.2810898739523,15.1736833822871,6.36279706884385,5.46065140762567,4.47721533574208,6.83887932530714,3.59988679867894
"26",293,0.0885849942936644,4.58399683875393,0.0838818935581502,NA,0.304617749252968,0.0572889652264664,6.50572211008756,0.111062739392669,1.9329540971487,0.300155404067732,1.31268427660551,0.674174504240764
"27",22,0.0602367299333297,NA,0.0415907027364056,0.012791343023364,0.0647301259970637,0.0669552930039234,0.0698496747418442,0.101663323548036,0.0691781853431254,0.0877001048396558,0.0945560920507546,0.596914776942196
"28",134,NA,NA,0.010290624057192,1.83881370522049,0.0140139305057705,0.0316269257218292,NA,0.00628853910973807,0.239630809792113,0.787092505540377,0.229277292510046,0.0103384593471236
"29",277,4.3669662002427,5.03523559978655,1.82352798946921,2.22270679694412,0.246504891033695,9.2582186485682,3.17887766493615,2.23688792948737,5.28839366538982,1.31342595539318,1.57905239749504,2.77494805253768
"30",228,2.03277279137186,0.245835840962056,2.31834153454426,0.0539577224970911,0.0767956195167156,0.0513522752070146,4.92305835640395,0.926614541742631,3.22819614102405,1.64793839404273,1.47580406952344,4.24277205945178
"31",174,1.69090858189996,1.85366201558901,0.0456164071239427,1.3994386604311,0.0931816898282895,0.0584150967500267,0.0782067157602711,2.20219727524581,1.2614081629376,0.367266685289538,0.0544469599286631,0.0343713389969137
"32",20,0.0143626466349632,NA,NA,0.0121997020777534,0.559483845933419,0.0232212343126289,0.0888252021201103,0.533285864893303,0.272161191826175,0.266139018785846,0.982989983223968,0.347276379269426
"33",49,1.99526731997484,NA,0.0282411928069507,1.91518846183751,1.97103870463558,0.0795627418108136,1.63237513608278,2.83894508416651,0.0308265738924097,0.180005532887131,0.573039444155187,0.0354655876706629
"34",248,1.67659589433784,0.0356503131925196,2.35338838426493,4.43664641873899,4.9978813480119,3.04952182469914,4.77315540878188,4.10453396036776,3.20294101192092,5.39408975580212,2.18643680287351,2.13428523557173
"35",301,5.70919537471517,NA,1.57472116920973,2.91849495621108,3.68291056221004,2.90382327686227,3.40741056557602,1.83255911855072,2.09255115976772,0.734979161131596,5.55696040345262,2.31115577735832
"36",36,2.03342056312236,0.018059102147467,0.0193319621798277,0.0138730710071489,0.0394898462458574,0.0528127376290926,0.0441913883361659,0.00787576468055957,0.82531229380974,1.71209981875614,1.72288091484589,1.04230463710353
"37",182,1.73136729630001,0.0319062860425235,4.88418464745138,NA,0.201556301790393,2.40268044434658,1.95190085497649,1.28710673847938,1.70668340961603,0.794414814693583,2.50037509628928,0.102941715921809
"38",7,5.33593500853904,6.43538927006023,6.65242798467088,4.21506419365487,7.07702035600597,5.19709643507117,5.42986231596929,3.12010863262772,9.29527132908699,8.13069064065701,10.285804089176,9.84222202343835
"39",250,2.08646264569547,0.141969660376225,2.71024063881216,9.21570802847631,4.38072552484596,2.10185671000123,2.55591392270965,3.57556031876999,1.56672930042856,0.985669418232934,2.39845921255316,3.44808118176677
"40",131,0.31267762643385,0.0276582748704997,0.0592154271446741,NA,0.0940805619730626,0.131438011335331,0.116024521408805,0.0844344551573347,0.0861818527720085,0.238377538002262,0.282714066466888,0.614737090401154
"41",140,NA,NA,NA,0.021653470459722,0.0479397622673373,0.175167090892387,0.0197071809410615,0.0368781298179053,0.117106373431505,0.148460691421642,0.0480199977969782,0.0202094126721186
"42",162,7.55344504658962,4.23645231505007,7.86075378802687,0.116230671193563,2.69092845421566,0.110618260712351,2.68689969851634,1.53083665589868,2.92298588847113,0.391206252580056,3.05875091981771,2.52756799265424
"43",114,0.0352202253481991,NA,0.0463199090650521,0.0398883081723393,0.132466249319148,0.0284716712086756,0.018151503890504,0.0226446565802988,0.148310308767157,0.111879215425795,0.0884586364169134,0.0465352241195541
"44",237,1.07708743939663,3.1758354228027,4.20032666837252,3.12916614629327,1.51808299277771,0.0126189349041435,2.90824275556214,6.48849550608293,5.23470847269058,4.94207220158093,3.27368174142288,1.63349094618119
"45",239,4.98549658949897,8.47543198042986,6.58946344376344,13.9745268637675,2.88796954869551,5.05037524073986,12.6943596342811,4.44749044438335,3.52478352250195,7.19251806733199,2.62169012346194,5.8666878965761
"46",94,0.033252326540661,0.0490229078233385,0.0174927301155794,NA,0.0178664021856333,0.00896028062312995,0.00856865236670014,0.930004183081583,0.369153132542852,0.410775803039672,0.0139193481131773,0.0175740439224121
"47",68,0.805054523706077,NA,0.0302505181625551,0.0162813627983694,0.0411956220475586,0.0154951874258997,0.0222269056060577,0.0046214778981776,0.0770463070094455,0.0913323316734425,0.0601774980415416,0.736985040944614
"48",53,1.27178144942432,NA,0.0137472694158974,NA,0.0702046629416442,0.0563339814674242,0.0471378111286917,0.781281329790773,0.0600231327854856,0.147575967756241,0.0218780061592661,0.255506694852127
"49",89,0.0103432670130926,0.0228731525637005,0.00816177380034569,NA,1.07258103734979,0.041806958176571,0.143926903887154,0.718216040026372,0.273207961245132,0.240944182046208,0.935208288221698,0.180393691933488
"50",303,0.049276586251392,0.0363234966837115,0.0259224575837915,2.92990408291884,1.33263549134531,3.10710582788394,3.28875002638996,1.12471522694304,0.962049267105307,1.46094770941584,1.8976901374451,0.143236260337531
"51",291,NA,NA,0.0127471652190245,2.41498375678022,2.82088399707129,2.93825946783236,0.0249763248391817,0.140214902255406,0.686430068280169,1.40260917720874,1.94749407106547,1.70325380403027
"52",124,0.395183172643686,0.154219420689087,0.146746018652713,0.217198567613661,0.374701857724137,0.20671073763848,0.314484548797917,0.28023630793891,0.88099053042327,0.529205085695659,2.26239972387703,0.580498371654754
"53",33,0.0223444623005847,NA,0.0235090707487138,0.0253059936266568,0.104048798806012,0.0541891067703879,1.1918750832327,0.0502818862153918,0.222397437905756,0.126184108342976,0.205773501990376,0.0708550533592861
"54",97,0.572803211382494,0.0477999960504612,0.0255845420303202,0.0183600694523591,1.68400215076436,1.19693611508708,1.36184888856881,1.78755151446613,0.24823747693421,0.102993095451337,0.162865439291983,0.0599747635509909
"55",56,NA,NA,NA,0.0146694431027429,0.027837818670005,0.00698055111005017,0.0133509023446431,0.0541311315844501,0.0297507497450149,0.0274300224847393,0.0108439372614955,0.0205367192675844
"56",109,0.0443226669408507,0.0490076840172879,0.0524618935208827,0.0376478893975974,0.67275882904507,1.0211547782853,1.63610436060853,1.10604070495135,0.68717512672164,0.164259295510268,0.208725382993031,0.307450261922162
"57",117,NA,0.0248255520574085,0.0531506638091064,NA,0.0120635655786722,0.0816759064860453,NA,0.0270667119096719,0.0902477623597913,0.0594342320768209,0.0422931461879988,0.0177992437261064
"58",161,0.0129729588768577,0.0573769326881676,0.020473677367136,0.0220385890410116,0.0697034237734317,0.0629232464177488,0.170490311618212,0.193925806829751,0.744932331673139,0.782978657414952,1.75946613130637,0.709625252944924
"59",202,1.48959282537986,NA,1.89620215200061,0.0477459399427975,0.00755051849984693,NA,NA,1.17231057193239,1.98506437926182,1.38382343853848,0.33529989851988,1.88273562813384
"60",111,0.109940387394965,0.145873634545889,0.0607270411382575,0.0186767802149553,0.112234385553676,0.115537095261973,0.229473621098859,0.0318085143270124,0.30302348102847,0.0582054021695123,0.0966436708165778,0.505505850626809
"61",41,0.0152427245359733,0.0337078375097977,0.0180418338237981,0.0129472445377483,0.0122848237384914,0.141703726360473,0.0765927564933873,0.0183754287692358,0.140042664899087,0.347006083117458,0.0765668370602727,0.163131300928327
"62",55,NA,NA,NA,1.65357691954833,NA,NA,0.170124517326133,0.0326517659700301,0.0777641772596328,0.107547195399491,0.510200838607716,0.0134200069842219
"63",316,1.64598599500802,0.145597667483113,10.6893867144142,7.40997520513811,8.17171433533302,11.8024069436716,8.66532766216214,4.50826403227527,7.69357732647153,1.74285863593772,2.99717604158411,2.55754413458948
"64",128,0.0567679698575883,0.0753221840047575,0.134385198166883,0.115725576895095,0.0488020892972944,0.0183562593026044,0.0614388588554361,0.0492731968292082,0.743217612404728,0.0721307812904941,0.883981472801562,0.0630046101685954
"65",320,6.39771962627591,10.3921792378159,4.57997344195994,2.38098768381317,13.9979885645231,3.38569649619016,3.60737802473127,2.52050528276694,1.9504664347111,1.29199616580166,2.04996660898121,5.5685741502728
"66",275,1.73689074516446,2.23778188531612,4.18319967734074,NA,1.19290831247081,0.0122094328355278,2.89559676875002,1.95184050582944,2.80994263274582,2.46281283699931,3.48988083757983,1.54456183990148
"67",122,0.0221438904372106,NA,1.47651359835894,1.05331119607512,0.0892339785658363,0.00895044766999812,0.205421980412302,0.11745769688002,0.292455331218263,0.105512148095181,0.0139040731119381,0.00877737914099237
"68",58,0.428574110190296,0.0185833517133422,0.106096866333865,0.0428274045572379,0.0632119024313797,0.0475526391902104,0.0844521771648667,0.0283653840353352,0.106158853468823,0.142367797300699,0.063317698543653,0.672849694711975
"69",263,0.014790875928868,3.69607374734868,NA,0.0251268842557117,0.826498943488403,0.0597839667650759,0.0571709804478588,0.0499260038444866,5.99620369510418,3.66476202482328,2.32178510916724,7.75061712245351
"70",1,13.0633444856446,14.7335824211047,29.8354608428644,15.9670202420024,4.2190147560514,16.792567713102,10.6137679896727,10.4872857754057,11.9691669256896,19.5010961144094,13.8649443269959,23.9755465121629
"71",257,3.4187104438531,10.3181493121171,0.0463119648716444,0.149555501415627,0.181321499974974,2.45526047490438,0.147455675076608,0.0636771736711512,2.27482474851479,3.85295649746262,1.38192914269469,2.94284811962888
"72",9,3.10596387534626,10.291948194772,8.8185381987239,6.33673934182621,6.98425468401392,4.06420667791371,2.93677421005589,3.86990566434158,12.3716507103304,12.7751746315933,10.3435936460871,9.77119733085572
"73",79,1.17382905824197,0.0206016783203005,0.02940499572842,0.0633051508032045,0.115127007610496,0.0602483458460089,1.90129707393179,0.0988306982625011,0.235377404867861,0.226881024321012,0.339273878464785,0.723771231526011
"74",279,3.39394057016293,8.79484729614938,6.86638544448348,4.26709589576398,2.93215085213034,2.40520601869052,6.91180221166153,3.78505810905857,7.96717093315462,8.39054696722322,4.20576021946804,5.78414442001426
"75",157,0.0242316822482743,0.0267930318456591,0.0191209904048617,NA,1.10666853078637,1.76297804652496,0.0280987219153999,0.0292118085622472,0.250457391502155,0.0256578104539084,0.0760749522674431,0.048024682681719
"76",204,0.0800115501606151,0.0294896572389449,0.0526136288305017,1.5857846855184,0.0358250254789818,0.0539004347300399,0.0824713612515214,0.218632752806414,0.260350330815259,0.917805842382871,0.100477957691054,0.47572379845105
"77",217,1.54276454448496,NA,0.0538664095106545,0.0231934818749411,1.50380019358274,2.47223672576785,0.137207009900974,0.151420234256057,0.26654952048848,0.563795804881709,0.977269120051775,0.0649401647720916
"78",176,2.88389947885591,9.00023873110919,1.73383443720072,5.83237685233157,5.70167073597732,3.40109583052342,6.38907328775965,4.88229328714191,3.16860563777582,2.40588881818875,7.58807499938772,6.31436594098409
"79",125,NA,NA,NA,1.74881358068332,0.0407556924341271,0.0350393456697241,0.150785442078077,0.0418022853492092,0.0746679443939734,0.0688434211295515,0.0408239041734782,0.00859045360452685
"80",65,0.0169762074817658,0.0375412703928024,0.0334894103764611,NA,0.0547276744834871,0.0274467862151716,0.0721797054991873,0.0327442869538717,0.282693911488938,0.089876614700242,0.703513974814261,0.215328535684182
"81",203,0.12972815742521,NA,1.93474116441052,2.55644812242853,0.0697026547157768,0.0314612760838574,0.0501436560441829,0.0750672260095326,1.66863001227625,1.45604950825366,0.14662055988477,0.87416639120422
"82",61,0.00817127299519098,0.0180699940958756,0.0193436218256385,NA,0.0219520353744524,NA,0.0631686305650639,0.00788051477399605,0.103226257835355,0.0259565520292362,0.0307842862928431,0.174901854428992
"83",57,0.0157891640306598,NA,0.00622953971659427,NA,0.00848348323542886,0.00638189964000016,0.854415106580887,0.0799435274712918,0.0815979839245447,0.0585144608701759,0.237935090961005,0.0375509839364644
"84",270,1.58433742323038,0.0310054135058863,3.63992096111452,4.43023666054362,2.50105009349596,6.3244718743468,2.62298824898682,4.2796457247689,5.29752376194306,3.56300560845101,6.83154726228133,3.3900804645926
"85",119,0.0309102845794002,0.045570105594752,1.13824723120477,0.0175035642845605,0.703073192609704,1.97401716241278,0.111511979743701,0.968838150345937,0.449648473748766,1.48373617093065,0.918667202658661,1.3314053048996
"86",52,0.00768020220219937,0.0679361507224396,0.799969452663426,0.0652360119587235,0.0165062232555296,0.0372515831040838,0.0178117114381533,0.040738047580262,0.052921443644548,0.203305295039673,0.028934236258974,0.0791510966323984
"87",297,0.0722502107547481,7.89285923957038,4.65217555722263,6.38244685267009,8.69565310189145,7.04380388082637,7.22745067394799,9.61574797445698,8.84512757520743,7.25242894706495,4.4095421872703,8.08750840226763
"88",86,0.00903640107609123,NA,0.00713053829693263,NA,0.480668611206285,1.19070432861099,1.94899822527351,0.714618439809275,3.7671238792043,2.6599674461906,4.97035860388845,5.70229257209355
"89",104,0.0683920205378643,0.129636391998953,0.0308385680502284,0.13278289301622,0.094491984265571,0.0789820176495599,0.287013769714764,0.108360275928622,0.112205765438078,0.713826246306855,0.122694616897089,0.0387273988850037
"90",87,1.12588122527777,NA,0.0214940851372547,0.0308493226470294,0.0682989452687465,0.0440395600445973,0.322879495049913,0.0963226549324251,0.364961215644448,1.14407337918374,1.26564522549063,0.942937955462351
"91",254,0.0269813610936849,0.0298333586424363,0.0212907358761358,3.57522354732704,1.24674425253961,0.80702392067078,0.229439549416585,3.85115002243513,0.883113436229292,2.21412218627179,0.813192211267358,2.03202192400902
"92",287,1.663344903971,NA,1.97991764053152,0.0957866624528126,1.27240291617304,0.113951785393264,2.17942557084473,2.5013991336732,1.10082173447077,0.149257557950939,0.81428465517,2.11204437522719
"93",307,18.3908520713552,6.15522813331781,11.487745418963,16.5372656883594,23.5445824942548,19.4378071870885,21.1793236596323,19.0716035942564,14.3259700583164,22.5593143483918,16.3239578614664,18.9002141685772
"94",138,0.0106540103062528,NA,0.958395535634666,NA,0.00572437639178827,1.80003200940271,0.0576531305498788,0.0667869078484995,0.134590242609815,0.248182880273957,0.173930032980945,0.278719903093904
"95",31,NA,0.0144157125344214,0.00514392515631961,0.0442968209550163,0.129593916893465,0.184440672326878,1.04819696915335,1.14420562455321,0.366835773573744,0.993954128691941,1.27705774610987,1.18343452518067
"96",113,0.236328818020387,NA,0.124323217718598,0.100369425131502,1.42851325571161,0.716421779384864,2.38265696347573,0.721745194363807,1.76415937841748,0.938391310718089,0.877974503925733,0.273221213189059
"97",215,0.025419110645226,NA,1.34388458491777,NA,0.0682881622483449,1.98293507261377,0.0982521579309464,0.263532197347822,0.0437884314790771,0.619047842889131,0.35113259906989,1.27960228436206
"98",168,0.081880164512067,NA,0.923012292008286,3.57682684878541,0.131982098913551,2.37342338695813,0.0542554860778392,2.00800845106211,2.6329615448697,3.83953284813946,2.95253353065371,3.03228033262699
"99",44,0.0421025683948337,0.0155176384953237,1.27353825150161,0.035762126868376,0.0263918873640962,0.0340352871830723,0.0813692551435625,0.0338370280507837,0.120880535972947,0.11145116839487,0.264360587775687,0.0500657560592911
"100",207,NA,NA,3.42340231195385,1.46132129631656,0.0200950088435975,0.0201559235588795,1.97568398919885,1.00994106434334,0.644276320264165,0.171605521306233,1.4403161133573,0.830179669276105
"101",191,4.14560985542137,3.17237374490604,0.92094161967174,1.7348346203186,2.34500388778984,0.00982776761076364,0.488707646829538,2.77287352758757,5.2775654409576,6.39773820610957,2.2747749229281,3.48886005602337
"102",269,12.9738108789434,23.6150543375904,16.3629728211644,18.7145366568757,8.89302912746859,3.52506822581514,15.9783197453868,8.96422992330183,10.8064918819569,15.1668567935987,8.20554915184837,12.4148962431622
"103",99,1.21653127529801,0.951932267752524,0.0295370239848117,NA,1.01565536055354,0.00756485757018343,0.0144684385342072,0.00902494977376737,0.236434248019471,0.792694673997797,0.0822613970057157,0.385766223706467
"104",221,18.5899593214148,8.3824418438912,20.4933896387831,3.71913911807333,13.0399651085201,9.04103141375894,11.2377017024379,2.23804292234232,6.93928203560539,4.37128977406316,8.34203995368308,8.76703670705003
"105",143,0.0208935244575812,NA,NA,NA,0.0785823143546468,0.0337802244514651,0.137291096402464,1.60696813448664,0.179961973657612,0.342909432109935,NA,0.074535839873402
"106",69,0.0483753239575086,0.017829572348819,0.0827071025218313,0.0410902360265389,0.199271659287265,0.0977652971208044,0.118423523518257,0.0699809788575816,0.379633274552139,0.332945592476876,0.141748602582811,0.166183122109634
"107",110,0.161354258853057,0.0209893892660521,1.05603288465357,0.112868901075367,0.112193904332899,1.65731893422931,0.036687089362032,0.105267478246125,0.479614126421581,0.150750512605458,0.190708306038478,0.541757506798135
"108",241,13.7809613130439,3.56715340747471,7.1260061727138,4.31543437023803,6.80393260351259,6.33513346520722,8.88607749381725,9.97713230631071,9.30632536899056,6.93961702847634,6.12490157528664,8.39763039035491
"109",166,0.0225227274047906,NA,1.56397739192667,1.53047315749185,0.16336906309791,1.77519647014126,3.90014488390916,5.12079687757912,0.763046096139194,1.75284836018046,0.848516612935085,1.64266777618948
"110",192,1.16590583517349,0.0260433334658015,0.0278789462225914,1.94063902590008,0.82259620763523,0.028560799827248,0.0910416296571712,0.0624677463527832,1.62299546226288,1.93284045293791,1.02045882644349,0.709549671708901
"111",288,6.32813949263301,3.61812737180742,10.8725444763459,4.24958640848284,3.82873999874928,6.67870452996094,6.97216676732606,3.80131288113121,6.44445307495695,7.05851167033626,5.46769369356729,5.28467203048455
"112",47,0.0758853743043504,0.0152557543131445,1.09962241248447,0.199231985019835,0.144558978892849,0.0892290373347278,0.127993636710931,0.129737305612749,0.15053128697559,0.168007727892018,0.476481671297224,0.196883275550605
"113",200,4.80790009154421,0.0525047623857139,2.24821826115831,0.0201671791554891,2.16867462343943,4.30891157289631,0.0275317240319959,0.915915198401109,2.52220230275919,1.7346646355599,3.68226872152052,1.61871275184177
"114",46,0.00679337734642199,0.0300458174908968,0.0428847165381729,NA,0.68256248452048,0.0109833940181579,0.0997817419466639,0.563441792910009,0.101423097337079,0.0575455509891506,0.0597175377999869,0.0376985554101396
"115",184,4.25757391115718,0.0763396241098202,1.6707255456584,0.0195481299362962,6.38050772228974,7.01378820276617,5.00818783031581,4.21705180292782,2.6826516880893,3.18007239089155,2.76001824927506,2.61808232410327
"116",115,0.0749703745095373,0.082894931153947,0.0369740067197522,0.0477601512234951,0.130914608318021,0.15908887748022,0.108668255243964,0.0768216244641152,0.204484819534705,0.238148012892653,0.0470736418862669,0.089150107106738
"117",81,0.172212586667922,0.0906742328875298,0.122949286937602,0.919463038996067,0.242339023806098,0.12595633798677,0.177506952666694,0.126540761990226,0.197775580648523,0.14761501794952,0.216263389002604,0.104017523049522
"118",29,0.0243995457256799,NA,0.0673870745841128,0.922266642992763,0.498173253196289,0.0542419462355836,0.05187118579592,0.0411798401785813,0.175133624697022,0.0581299950287184,0.0612815654286019,0.0483573706954381
"119",175,NA,0.0246553746619093,NA,1.40158609682582,0.982431396887192,0.027038674650051,1.82722032991242,0.946217237596217,0.883487043557586,1.51108645475159,1.3441033496258,3.36751253883738
"120",116,0.00933700411446269,0.0206478977413683,NA,NA,0.19063657033227,0.400040765083724,0.664059691471629,0.454740668322495,0.0428919034545686,0.0296595687400086,NA,0.0592159180960748
"121",54,0.193100862606648,0.110709982012138,0.174947991795283,0.133646589326859,0.184449191721536,0.138756239339286,0.193508584354929,0.268998540782276,0.427101967004904,0.984463976423315,1.12266084779314,1.74060310951953
"122",142,0.0100498003722091,0.0222241789617632,0.0158604041204338,0.0170726988692165,0.0323984143092646,0.203103904845539,0.0310762901857928,0.0581531913244227,0.0692494715678861,0.0319238099618266,0.0252409412034969,0.0159341301671067
"123",280,1.41038828959017,NA,NA,NA,0.0280666124985967,0.538401106051101,3.49303372261094,0.0881612715375099,0.689891108721195,1.35511777092249,0.688782877968156,0.538343174844992
"124",74,0.500885567226554,0.123073428472051,0.0250948600416876,1.2290911906067,0.0469900300742097,0.0385629321471259,0.030731213833898,0.567406825290131,0.383490877228851,0.202043664690067,1.33789145897022,0.214297850725787
"125",296,1.62514569172689,3.50548184398347,2.39659216582089,1.6745917029533,2.41915803307738,2.36905956584518,4.38686036655597,10.7207132169877,1.25445215188941,2.14393732486156,0.150554275770092,1.58403458359862
"126",13,15.0618060682317,8.18241207540201,9.59616990812306,7.59244664329181,15.8044872304041,14.6142238374055,12.417033324643,14.3101075370804,9.91318739133332,9.89047111923247,6.98877369518535,8.93535436086226
"127",223,0.526507543906375,2.06402434258205,NA,1.87018467650231,0.0900108839710407,0.0580395453211173,0.0832542040191602,3.13895936182903,0.975703917505134,0.494142895616377,0.060107688559793,1.35652839561588
"128",302,2.70738499537006,2.97881576798307,0.0105239989938319,3.23992354836546,0.0644928484173688,0.0323441739417064,2.13420467542733,3.99374610269095,0.0153165783916963,0.367166757985366,0.0502450576565207,0.105729191118259
"129",144,0.0596675356637197,0.0659745438558601,0.0627774478727592,0.0844698261761758,0.128236944658904,0.112547464637895,0.10762833663336,0.081521215056744,0.137049001354519,0.526493340627972,0.299720333472544,0.0630692647153016
"130",206,3.28179651588566,12.6427172114841,3.4589463986781,2.00941727238817,7.45820701699221,5.287192800426,9.58329067355743,4.6468762778121,2.27734644153742,4.80106956293867,4.9076460100031,3.31874088690166
"131",139,NA,0.0652347951956387,0.0310367735458058,0.0334090786461699,0.063399535126873,0.127183440786879,0.205241539662556,0.009483193788742,0.395244268270546,0.478942764605536,0.185224798719026,0.545668304104111
"132",181,2.6567277878138,3.19351971683956,1.22652370565709,0.0561818473697369,5.76312348667986,6.06873197028396,3.58776388000975,2.75356065297449,5.01340719361554,1.94931719559547,1.10748567407839,1.22348593527965
"133",154,0.0305905093002139,NA,0.112647175481902,0.0692899406549729,0.958779127546824,0.0741871678239694,1.78938194858888,0.0934230250272148,0.0936835238545437,0.0863756775141554,0.0512204699287308,0.0242508875308411
"134",172,0.214682974289203,3.27578194403744,1.4145258782528,2.15176262773185,2.53767121648198,0.112805893445083,3.52669806606179,1.5476532638505,1.13413097902917,1.38663917485771,0.134798705713855,1.54874503003326
"135",194,1.31888457338467,8.2801437911925,4.20697545633295,1.84179487683398,3.15882520508049,7.66198791826674,10.7573642511524,4.69437530916829,1.0140506568646,2.62732490527476,3.57917617645723,2.56072861059867
"136",272,0.0748605115251871,0.0551823035843775,1.80168742686784,3.34890919644352,0.0871485090737171,0.040344316361534,1.69756319050972,3.25487022002764,0.988686055657031,0.700186022045794,1.12811182305441,1.22649040498456
"137",19,0.0259993030447384,0.103490980539414,2.35111104596806,0.00883357390699596,2.01438294556923,0.353095202842126,0.59090923625357,0.850014377768612,0.238868823963277,0.41294193854605,0.0587695446338401,0.572990513681429
"138",127,0.00926361736826735,0.0204856099226593,0.942968394548746,0.0157371235159478,0.0199092852517131,0.00748861386617364,0.007161307957482,0.0178679805641645,0.244690000919021,0.735661280500234,0.0348995620804652,0.00734381179214386
"139",159,3.4042185853255,5.24480662309612,1.25841712992238,3.71647934454605,0.708562207324733,1.47926869058845,0.0395143598899024,0.0542251499712821,2.01933991632347,0.454630452138392,0.937160940330641,0.867157355919521
"140",189,1.46214565624305,NA,2.01478410311569,3.46634824477895,0.105529386781423,0.749765745844465,1.69548377919611,0.0947094286971659,2.40599570081448,2.21831438660082,2.01428671873664,2.64696498533305
"141",170,1.2170153025624,NA,0.00820799334038733,1.07791560050681,1.75491018592104,2.19468155677727,1.35092488186135,2.49288036981765,7.7648185619992,6.50929096921164,10.8941748746765,11.9156833661587
"142",271,9.33852144624841,16.923299680995,4.909435725066,8.61208727389733,7.71532397157543,10.0296056717674,6.28165296519752,7.58511628428418,11.1982774214573,8.88647486468555,6.33576178949007,7.70124325251134
"143",286,3.22699514812991,0.027446897153952,7.33556551662741,4.15370774009554,2.62079218000799,0.953167880366694,2.16842869335996,6.94253096471313,0.783962758195091,1.4981863739983,0.841660292547962,2.51887061312361
"144",77,0.0454537103081308,2.07734230223333,0.0239113941756707,1.45425738525039,2.28754409474242,0.0244962107674052,0.0468511028160168,0.67581011783588,0.200103047850549,0.914447901706156,0.0285402293298518,0.0540507256216655
"145",242,10.7050118449174,5.55959563551889,1.19760415678008,10.3721918547312,8.47827224242439,11.2387304811373,4.11092551776752,6.25144103593747,5.73456169403742,3.65567410204575,2.06595872072815,3.23294840948903
"146",262,3.09230770816937,1.26246365161622,1.28575061380431,4.1217748753035,3.41883551234743,0.0769166164503289,2.03195165339525,1.18717453464074,2.82740146534988,1.37268813564319,1.74748449568157,0.584577336834931
"147",96,0.0165386259218042,NA,0.0195757090440721,1.54527884424369,0.0533170048036263,0.020054484951484,0.0383559214649819,0.0478503971150188,0.398865521795681,0.385263736288855,0.488073694099534,0.0196667054416216
"148",167,1.15926599510875,NA,0.00809527248309319,NA,0.0110242668834119,NA,1.34030333966746,0.0197878913197065,0.424145567083006,0.782119613226813,1.72634490013895,2.04135860918714
"149",37,0.0892243207906302,0.0394622221248532,0.0187749505157524,0.0303150292394109,0.0191760128186649,0.158681669425941,0.105762466221571,0.097522714321015,0.129793627624879,0.132265723946708,0.410840070904731,0.0848800108794839
"150",177,4.17637639759853,3.21639890677867,8.00930738397234,0.0705957109316284,5.47592708216653,1.98201260447089,5.00349382408792,6.80813106908473,3.37650808068382,6.03923530370441,7.60606878893468,4.5956686517411
"151",226,1.0654606350106,NA,0.0265498380483346,1.82906770479253,2.18743671797744,0.0181327898572644,0.0173402574383938,0.892344640110655,2.70483561614505,2.76697828909414,3.42245850611316,1.44924675863576
"152",284,5.62822342957872,0.134700016540062,2.81659103538467,0.0827816523264539,10.6953863142623,0.324985604135314,2.03420560731203,1.0162728632068,2.22450945893919,2.90233740734242,1.65223274152139,1.90255188886144
"153",11,3.82207161256224,2.82052718005751,8.07173336279743,3.50736462284546,4.80164343887198,2.80695884163436,6.40070906598232,3.59762167874329,4.04159263191933,7.22681304845449,4.56938714886094,7.32808758790843
"154",21,0.0255323411020584,NA,0.05238305269038,0.0780742620600273,1.06180964967295,0.0784323204256379,0.0868470470065048,0.150205328773883,0.504344005122137,0.291978195598379,0.205205372182897,0.344096685302095
"155",310,0.0126382822514504,2.82278443833812,NA,2.51199434377645,4.65150713151576,0.0408666342532797,0.087931058562093,2.69976926093292,0.696685971879741,1.29806312138724,0.841166627822909,1.61307609857904
"156",225,14.1339781489748,6.09454314533893,5.90400929259026,4.1365753941906,8.76568926353484,13.7968112038431,10.1049730055815,13.3535179768691,12.9398450115356,7.11374406727775,8.35345437155704,10.7134688725873
"157",39,0.0815162269237303,0.0257521990252011,0.0183781944985348,0.0197829373104773,0.112624688834882,0.0988453305536378,0.135035833810722,0.0926541434593085,0.0735557278629532,0.0616526943615553,0.0292478629952628,0.0184636243283849
"158",90,0.622403242545714,0.120433744645293,0.0245566244776897,0.0396504261589295,0.0459821860257769,1.32704345462008,0.114273940205848,0.022509610579425,0.509289231496042,0.140044742050794,0.205172555940461,0.468744712335218
"159",305,NA,NA,0.00971426279073703,0.0209135507649539,0.0661451642327938,0.0895666577704532,0.0190337678115693,0.0178089845112345,0.74931888390246,0.156422889049186,0.0154597029227276,0.0585565134190986
"160",300,4.20167547311583,0.0267769631716349,0.00955476145487283,1.8513148525449,7.16951362893837,8.14398915127248,4.41821424095027,3.01285065237763,1.84949196962085,1.78214837139375,2.40252675163913,1.75664923285815
"161",294,10.9597310661788,4.05273206605087,6.55514124891982,6.28809558584189,9.34797225364095,8.2749339098308,5.4619204674527,5.8837118918065,5.34479554936144,6.26835426631251,5.39019065274501,10.552272977088
"162",220,0.586449466765289,2.35359212424692,1.13119528239195,NA,2.22319153917741,3.97700253067774,0.612874338915928,4.28375881718488,1.52161382267578,3.78328240743362,2.57760730881405,3.02193335487087
"163",38,0.707857558981256,0.0381795062724101,0.00908233624949503,0.0097765473464088,0.0711186768516414,0.0186089377636078,0.0222444928508018,0.996254011220244,0.0793103354874902,0.53014667551109,0.122859232649224,0.00912455489292584
"164",259,5.32611188349183,3.05731754432879,1.29660367343591,8.04698986334631,7.53177254877255,1.28251157200029,0.052562428147169,2.85791289460293,2.99328480867784,6.89947903069398,5.15156415025347,6.198726115873
"165",130,0.0520504639415457,NA,0.0136908423085343,0.0294746118982423,0.247038301938259,0.301552295974426,0.382260965082038,0.338838885899567,1.85307960803328,1.46970226737797,1.89557388643733,2.42078905897744
"166",163,1.08631104479767,0.0425181184842411,2.59435065772493,0.0816564511354985,0.0464871937678622,0.0155427040174437,0.170928833750173,0.945672567134744,0.0993633074868674,1.09934886961141,0.0362172208000513,0.0838319110808753
"167",136,0.0792995396158309,0.0194848221936512,0.0764799613546096,0.0748415728663755,0.137290733023202,0.0569821685408186,0.115794736734197,0.123214275062305,0.121427535552703,0.121285123812883,0.154908164003583,0.167641032940243
"168",315,23.6835136944284,2.75795513093112,28.1690656452281,32.2625442126487,29.8091107143562,25.0149378466904,30.460433380647,22.0845847197347,20.4489291732471,23.3122881379194,22.0968572904527,23.0335240780735
"169",100,1.02008437931146,0.0174869745275354,1.41644286871904,0.0403006811755693,0.0212437636328958,0.0191773445484987,0.0305652627159045,0.0266918882955617,0.0454071422029575,0.0334921020080466,0.0496517437872483,0.012537683791605
"170",244,1.09654071228126,5.30595975000203,3.51248163193744,5.14579327935687,5.81585559536235,3.31753884136036,0.4867916524649,4.57038201910595,1.54608316198503,2.5635646664317,2.23596679320101,1.66112236636284
"171",187,12.4705648679979,18.5848165453399,12.0667760155003,4.6395747812879,9.14427549553771,8.61193499986992,9.22131191215883,4.19292692682761,6.5842818985781,13.0556627739378,10.7807446381558,8.19865637561885
"172",28,0.483027716806924,NA,0.0207148144257666,0.954361140276072,0.0169258522042542,0.0594200604979021,0.0324702739905905,0.0455713192704664,0.144711566410899,0.489218558626941,0.382410961555925,0.266382155262134
"173",179,0.969519449485779,NA,0.96595781932468,1.97976224514014,1.94687525274525,0.0474999782830088,0.0908477799863225,4.41537723230645,1.16966756977359,0.850298104026633,1.30360287910664,1.6536434103919
"174",216,1.08924129210373,NA,1.24794234906161,2.11730032379542,0.028136873049561,1.45626373226318,2.93096795133272,1.79794179064652,0.998335760802354,1.05353844864253,0.946981224001976,1.18731983956492
"175",133,0.0171353458500625,0.018946594889416,0.00676066936306838,0.0291096926190674,0.00920678377715264,0.0415561168277592,1.12596150245818,0.648630554710453,0.00983944623526357,0.498955248459708,0.032277675258534,0.30564431507203
"176",165,5.83258419351227,5.309796289331,3.73714885394721,6.27909935619063,3.71285765057461,8.84158325840078,1.76849143278875,8.68827623838193,6.47038153982359,9.7192132134901,7.43135999452709,10.7614606580335
"177",260,4.99516163696525,7.94560255559522,2.08318847416822,1.26543068469194,4.04349126984405,6.88945915537928,2.91309660900148,3.84020126150001,2.26446173676572,5.24275019644337,3.41157166419952,2.58786667056183
"178",281,7.74124197479034,0.024918517234275,3.73447893667925,5.97245993307169,8.14312796313089,8.14352162441275,6.1325105871025,7.94394356331545,3.02815109589471,3.10215347921136,1.96692056197984,4.53793789447979
"179",266,11.4501264572474,9.58086862921142,9.96835684212764,6.32739830389017,3.22452261137293,9.64035000549788,3.22109563786224,1.91328579901707,9.54500469965995,11.8665509913577,7.45320261819662,7.76292123128161
"180",164,0.976487723409643,0.082263232398915,0.0880613933372797,5.79813466632347,0.0249840340021189,0.00751793069799421,1.81890388889684,0.0358758622076299,0.363131717595987,0.63022189840278,1.30801771443089,0.117960987919192
"181",261,2.75851372756852,0.0723342817740972,6.9001068312672,NA,2.81782990652664,1.98316101230914,1.97234202108769,1.86119879268356,1.46503590459564,3.48656365290978,2.01275112262917,2.26462787960733
"182",155,0.0544531504977476,NA,0.0429684640758308,0.0616703620302074,0.0341338181813411,0.051355933858298,0.0280636072977484,0.0831496133627006,0.208453665054504,0.0768772386373823,0.148160770604085,0.136699300501787
"183",232,5.26725175488743,4.84947735814917,5.6880566691536,3.52931396670504,3.23035350452733,1.40802146897053,3.30131154258824,5.62120326774124,2.95225741436073,3.65520958889012,3.66305356745543,2.33737077258618
"184",208,0.981606725970984,0.022378660189867,1.14988683417727,NA,2.61532663646019,0.0572643928815618,1.72889973088502,1.52249283341176,1.16218046060844,2.12161710710798,1.3597769760807,2.39068846014963
"185",70,0.232516471988523,0.190984148703424,0.188718727390794,0.112857499974971,0.0820972454447567,0.0322223907701226,0.097577800189799,0.0544589763156217,0.381472699757268,0.815980342865472,0.0333705823907924,0.737317676658912
"186",152,0.0441217601287389,1.42453779285425,1.10715077231786,0.0749544763437109,0.0474130500693934,0.0784686786427681,0.115969420775883,0.0595724871578048,0.0912080377837964,0.16818658680141,0.44326243784263,0.0769513848395486
"187",197,3.42946531887363,0.0216683908896546,2.24224563379399,1.39824218996734,2.85873086035119,6.843731190176,1.40133458694197,3.16568752959151,2.02552988087879,1.8052761570874,1.45197284004544,0.33401637347967
"188",169,NA,NA,0.00736519875144206,2.5211548572201,1.08825947227234,3.2218577161822,0.0432932954175431,0.0270049747082544,1.29703232940952,0.592986669158562,2.81311190648981,0.532759348368945
"189",251,1.78816564586968,5.68585272610002,1.60305745895983,0.0359497424359608,4.90053367160827,1.88176138644612,3.64810763023404,4.53583946225998,3.46316896273154,1.34443037330382,0.837104557247441,0.478119908731017
"190",147,NA,2.04861052856747,0.628524161972397,NA,0.0372145171562767,3.84238170723215,0.0535437841139302,0.0960218435736271,0.755663947614804,1.19175425595745,0.43489602476756,0.25395103439448
"191",137,NA,0.0558065791041158,0.0331888862536112,0.0142902754938652,0.0271182822112895,NA,0.0325145391103781,0.0405630616869378,0.0676241274508155,0.0089070088383598,0.338036774417942,0.106698120355713
"192",236,0.0415604302596747,5.69823052676052,1.02484190438553,5.11873665350563,3.82406868859798,5.6778977725693,4.04820336818619,4.38392351410978,1.96884608383159,1.33119427448591,1.78755216855351,3.03939636486299
"193",148,0.00868885204704438,NA,0.0274251626310642,NA,0.0700275174794758,0.0983357121386773,0.033584906863182,0.121505313922128,0.119743356187105,0.248406063938333,0.0654684059949508,0.0688816167449419
"194",274,1.16755871657036,0.0723909870091879,3.54747208715556,4.74547471007413,0.117257334576176,3.94296847988901,8.44385510006542,3.6937452239097,2.95743177046591,4.24030449322668,1.45250933596549,3.35635282502262
"195",311,7.70934344522662,16.7131853858121,2.32843046755997,3.46735834859743,11.6809162868116,7.11842174620675,8.66465077856873,10.3820353322946,3.7370414560043,3.4455310216771,4.10102181869823,8.41391763440834
"196",151,0.00873272558266728,0.019311593164562,0.00689091084818773,NA,0.0516128175183502,0.296496747015738,0.364548499236792,0.0378989514306815,1.20347988925105,1.23905515392404,1.83140501323698,1.89688632571953
"197",10,11.411439620148,12.6053153939304,5.70461421021584,10.3471342820867,5.28170989546214,12.7079121357357,6.68746249934611,11.7284337069675,11.9986267160995,9.22282783108114,13.2370542773432,10.1024838863173
"198",292,1.36922309913385,0.0246171287045119,3.7420149907332,1.92891914091572,1.49528571307678,2.01575596435671,2.12558169201908,3.99908145619405,1.99435048143807,0.671861860836094,2.54424311629996,0.829541063733788
"199",32,0.0560899436949928,0.0225522877970403,0.0482836822341276,0.0519742599760223,0.61643871489644,0.882118482441339,0.134024124123802,0.828623205535935,0.0351359214502118,0.0539918670768311,0.371397030387392,0.0687198448255394
"200",149,0.0851784640727927,0.113018449668513,0.0403281103858,0.0434106016059354,0.064072682936798,0.0619716619995473,0.0460934893815971,0.0616106705418162,0.156515576629535,0.0811723914661914,0.106966532858251,0.0877837414084515
"201",103,0.407187711632659,0.0163719445148556,0.0350517771688688,0.0251539801840648,0.0318227003933078,0.029924217822424,0.00572326315771562,0.731847690112175,0.11903311189436,0.0940695890358064,0.0371886214197043,0.774723687154181
"202",75,0.0131610432737735,NA,0.0467336443296962,0.0111790543242637,0.0282855988466528,0.0691551460977727,0.0559583304211722,0.0380782025106294,0.052901275047366,0.592263916510546,0.115692837172188,0.0260838236696652
"203",283,NA,0.0236714936922212,NA,2.1275901918176,1.19628808444829,7.23409952689014,3.67410940713562,3.05572277518217,3.34375196766802,1.48478884244437,3.50845567736624,1.64626608937466
"204",231,NA,NA,0.00784101445251809,0.0168806894906982,2.59475749364246,0.0722950853987121,0.138270547688734,0.752280769950448,0.228235507439342,0.189388658742406,0.0499141341592413,0.44901538490778
"205",219,0.0781420994501512,7.88417477813924,4.00797727132843,3.25233973273192,1.96807400646132,1.65029735574841,1.29877905700835,2.28910771615309,2.09770528833967,2.59600088873633,3.70441936366957,1.59515628196116
"206",196,1.77180334587084,0.0207310836401409,2.50772684829028,1.65627252544537,4.44260159114568,3.63760702646152,1.81178001045446,1.4646491208864,0.635204407964737,1.78674364232554,2.44869764013195,0.208090701624445
"207",304,1.35931950127395,4.53325093057961,3.32168086601124,4.9536605604428,3.82849679930074,1.44446923392008,0.101693419301587,4.71519424516025,3.65094792502667,2.73935231996753,3.74444004175726,0.955946257667893
"208",101,0.821484249446929,3.92522787950838,0.920248590176078,0.0498409090485705,0.760595228728943,0.332039747362867,1.74072968532496,1.20252747315292,0.227432623311673,0.349485980727135,0.368433680128963,0.44772657552058
"209",308,6.55255305264943,13.1886733028557,3.63691749565268,4.32054727750112,11.8688430461866,18.0996381060959,11.9339736960162,8.53653692198741,4.20901285717378,5.12720935010326,3.5703978638537,3.7946937700895
"210",35,0.0402235321530439,0.200138671799877,0.0753825174253671,0.0939566768889007,0.47546434507895,0.0487744401543819,0.186570595114835,0.111527744978677,0.0923885133046969,0.0851816851339726,0.0757686550331527,0.115592363950788
"211",71,0.00633277632552585,0.0140043333370578,0.0249856683733005,0.0753072752146899,0.0408310421149567,0.00511935183820951,0.0244779980055589,0.851987501888752,0.0290912189203274,0.0737603317164673,0.143147829877861,0.150610875668448
"212",45,0.0213446608024578,0.0118004224955486,0.0421071729788683,0.0181302589528865,0.516079776480729,0.0474507171846711,0.0371264579645216,0.200705253668835,0.0183847741574725,0.0904035065269037,0.696916456925099,0.126908716219234
"213",213,0.0191430372715121,NA,0.0528695613797494,0.0650407567661711,0.0822840958281061,0.0773751811269688,1.56865866188733,0.0969248228105926,0.681522686205026,0.851326519771471,0.0600992383344693,0.0682911283664379
"214",186,NA,0.02027437550774,2.43077796567564,3.00594651983836,0.00985199676279743,0.0370569805166835,0.070874651623606,0.83113566048829,1.07395762407343,1.34936680685354,1.26645567674251,3.75033296167474
"215",158,0.767639945071049,NA,1.25858769357428,2.92692214729747,0.0504107096024921,1.57206584654518,0.178028922026166,0.830809200736964,1.0872910503057,2.02301499392968,1.17821854948549,0.277229756082378
"216",121,0.00758380081818084,NA,0.0119686104490038,NA,0.0814951912298047,0.00613066728769156,1.65914787600208,0.0255988131213602,0.113223883989381,0.048180820939975,0.0761894817652609,0.174351563352521
"217",278,6.39834162039017,0.0457906950131201,6.00472477406435,2.42718444779517,1.88579168609474,0.075325545936984,1.83284683217711,2.35144447434687,2.80607148386432,2.53236881115625,2.60032157426824,2.47871629592117
"218",93,0.00694652945878168,NA,NA,NA,0.00373235505651558,0.112310072315834,0.0751809240358394,0.0066993512589954,0.215396887894142,0.176528629921536,0.148297871472135,0.110138411218548
"219",314,5.55867890372511,4.94158114680283,0.00877260149690221,3.26732572206648,3.08821263824291,5.7427944374016,8.17323229134285,6.84584958143869,2.37477411206151,4.87346612463731,3.46235327877525,2.62638734688732
"220",63,0.137592017673098,0.0529168135939429,0.0424849127626169,0.071139070830642,0.134998754912909,0.174095976139575,0.249730107916015,0.233660495803776,0.164886243255222,0.0823464312984056,0.195324564944434,0.331974230690127
"221",258,1.27495066143483,0.0222002542438873,1.54472468646859,0.0341086396197615,2.78865809180927,NA,0.0620856720303051,0.116181176790989,0.587986848041,0.68030812632116,0.0504275377764672,0.509343257501409
"222",76,0.483632151056954,NA,0.346479449665739,NA,0.598349166110662,0.0308655238231017,1.95300709295863,0.0122742915584842,0.263094549565813,0.471667159692366,0.359610364501546,0.206836108720412
"223",298,0.0210698357453487,0.0232969702360692,4.04011978561028,4.85003854776111,1.01320950358595,1.60106820453793,0.0407204811003075,1.71196912082865,2.3229516007858,3.13453772654243,2.79146202472883,2.42197737642031
"224",120,0.126687874115682,0.197758729692355,0.129370610058189,0.113939256651683,0.116117905736082,0.0963888811656667,0.190112997239224,0.0754640820530276,0.196843800489121,0.339305273701217,0.215244507225506,0.212681423193708
"225",256,1.41077771485377,1.01063973345985,0.00783965704768183,1.87343215628443,0.0160142487634417,0.0160627933255005,0.0537625708855315,2.28040545319592,0.570489990569224,1.13613523524428,0.548960425479438,0.488318149065479
"226",25,0.430436888956643,0.0297459467403029,2.3563472834437,0.0609358653504594,0.896182089285844,0.0579934656734831,0.0693234213018782,0.0713488639400429,0.257463716107042,0.688402248306761,0.24211674172728,0.390995596081197
"227",240,6.42271074214948,2.40985475609635,7.68585746195803,3.39124545488296,9.48740734963267,6.07298797479985,10.6012108466088,8.43560602952721,4.39685778876394,6.80071210632058,7.30263443441364,8.21087319873881
"228",107,NA,0.0157776987421619,0.0112598390505983,0.266650741007219,0.0268341892481426,0.0403732990211444,0.0882484514580312,0.0103212309349048,0.0901313409271504,0.0982097822811529,NA,0.769228217747569
"229",80,0.00632115583147448,NA,0.0249398202656497,NA,0.0305670885923056,0.0255497897462694,0.0244330814609675,0.0243849211489974,0.0871135116749882,0.321272654228813,0.214327735518171,0.0350780519345767
"230",153,0.0486436873897921,0.0537854471667067,0.179126602166325,0.0688636420572396,0.126324708776042,0.11141533981686,0.162952237503819,0.105553800376715,0.0651750025281917,0.257532782503233,0.0814485467606779,0.0964067466479702
"231",178,0.00866712860978316,0.0383330633792676,1.10794212174606,0.0147238025965955,0.107107071831374,0.0700641843319919,NA,0.0208968159238216,0.159258639710063,NA,0.500669559337294,0.0206128207021761
"232",82,NA,NA,0.0148792353608868,NA,0.0135085147520437,0.0711346838655626,0.0728845608703479,0.0151543536086684,0.086620675257417,0.0399318855880663,0.0315726217352622,0.0498280016967821
"233",118,1.02823317257689,1.82547718017696,0.405684517182117,0.172217010986777,0.408514649308989,0.883895744847723,0.459017095538331,0.436463721380444,0.465692315635718,0.674717486266201,0.145492753643306,1.14808539439589
"234",253,15.1362736588456,11.0362777361854,8.73086899440639,6.88435722135925,7.09856229410613,1.64189262946134,8.65814650585827,6.77649489046781,5.35376674360263,6.05240716986731,3.54654598245807,7.06930110479863
"235",268,3.43140689439982,4.03397306876178,1.24491521947528,2.44562900539039,0.0317877138834263,0.948551175067677,2.56882558582903,2.69594424461041,2.76306168225207,1.55566209907522,3.19470525381689,3.72865571341674
"236",188,0.00880501642068692,0.0194714574864332,0.00694795486213486,1.18168577259134,1.81667175502448,1.3595161370299,0.0748746141142924,1.79599618311675,0.303360619960802,1.20269611356552,0.453348456442162,1.34718863096184
"237",211,2.36760025783546,7.66301233590988,3.46449589457726,4.85426152302032,4.46943140522605,5.11118356637573,3.41514049083606,4.33487319112753,8.76136241395006,8.2412138960443,7.87161841528653,9.87368660426657
"238",98,0.0341257519099725,NA,0.0269283068399325,0.0463785280874377,0.0220028300671894,0.0165521460216197,0.0422098640723374,0.0197468736334131,0.0548678626894303,0.0650415318770515,0.0685678175153959,0.0324641775664065
"239",290,0.0202797575524931,NA,3.5205641123982,3.42791926313194,0.806323927802533,1.63939493151415,1.12093529022779,2.96794826104261,0.454156096297707,0.601252391808824,1.57896521526875,0.120577132616127
"240",145,NA,NA,0.0061155356108004,NA,NA,0.100241716180758,0.167755765222343,NA,0.115706781080476,0.131299687059011,0.0681277170024076,0.0675835960398878
"241",91,NA,1.88175924715924,0.00520514552753697,0.862862367758335,0.024809566019974,NA,0.00509938497294092,0.0827016696982401,0.295446223704311,0.174615219325401,0.571575050300184,0.271925747838789
"242",105,0.041111184053751,0.0757612322220114,0.0324404450244167,0.0232800267836678,0.187756067405897,0.110779540619605,0.635626101125763,0.122249004322835,0.393447252932094,0.15235757675128,0.146276907652139,0.0706143583211676
"243",317,3.09061984734059,2.10655856579279,5.46219630634532,9.20613722072975,7.9901352623632,3.67918836168509,11.1606335805262,6.77790823291959,4.23009148430357,4.03460725926957,2.52542487085107,1.83758646144667
"244",210,4.19362293027536,3.81168848445492,5.07589656942686,2.8526857256589,5.38482444007982,1.55857585112901,2.6718293898828,1.91080826063668,3.79575434452887,4.41221076015872,3.42534144673062,6.38845141969606
"245",8,2.07675324985431,1.52634502581624,4.78851300544218,5.08448308545897,5.85813359475607,6.05364962765997,5.57185403535107,3.52708865140592,5.48906161998529,5.93400737425641,4.18042656089077,3.88832409778616
"246",214,1.23051928107553,0.0197186703734793,2.17417568374827,1.68142329749652,1.80619966032327,0.0432495324099706,0.0758252347616967,0.885750546173926,0.634905083599236,0.660911644550337,0.190360296463498,0.445339088625363
"247",64,0.0169479616991387,1.43668762188347,0.0312047765672551,0.0383884834616945,0.564578366375117,0.0137005595047897,0.0262034944135097,1.01338397132768,0.110294261919876,0.586216882940262,NA,0.103006584027012
"248",245,1.42607702132989,4.48471311425249,2.55750872331469,1.32143648165309,4.78146210623657,2.78474883238579,1.65365909150382,3.55443192293395,3.36060231402085,2.22578978771449,2.09321038517202,1.70314324351325
"249",195,4.28292078990703,0.0949025302776307,5.60785339899998,3.61606245511065,2.75775544154393,2.68516693867489,5.13561193265943,3.0296010989115,6.33808775520718,7.25234432480137,6.17607033491931,6.77703557076435
"250",78,0.0180209173472791,1.24868180695831,0.0284402695738279,0.51023516856436,0.103281060288908,0.0922635307964888,1.2445208469328,0.0926916237603119,0.682965259494327,1.21485664734342,0.384719261673652,0.800029224363061
"251",24,0.943141724748055,NA,0.00667465632956533,0.00718483568923478,0.00454482495097354,0.0854737845103303,1.58898613066072,0.37729295476942,0.160285344002226,0.510520250750668,0.79136434345033,0.308461419428324
"252",318,21.1561157116754,12.3739729497924,32.2802018608412,19.8659141577013,24.4514440937264,39.9394556340497,37.4161690215576,32.4947347392092,19.2302162469246,14.6789667244534,11.0007933523264,11.8622958712599
"253",14,28.6052602603889,26.1624401771829,19.5742074042703,31.0874279335022,29.9338907380673,22.6615342024958,26.6019943060452,27.4258046608814,18.3607976830478,15.0387412871165,20.4554202616333,18.3607507057268
"254",95,0.325066773505708,3.3786151806348,0.292418099434533,0.13253438510395,1.25054888209545,0.136645946651453,0.196010314311889,0.733589835954782,1.34394922023311,0.7228162413751,1.02870591224343,0.70609652367023
"255",235,1.72413208405488,2.11597884862433,2.32210356162753,1.77885234559614,1.79939349194571,1.02161210799607,3.42633955758406,2.1677109973624,0.953746093208837,0.535255600906518,0.906870485483074,1.80334424014809
"256",126,0.774398471077406,0.0157110886606067,0.454098247597596,NA,0.0419899873171808,1.06824719851488,0.0219689713258589,0.606381756955597,0.21213831508881,0.857588339402182,0.231968733490611,0.619543213356392
"257",62,0.0918720864640809,0.047803857157191,0.882737998594527,0.0183615525108022,0.101629027996281,0.0218436642181663,0.0835557603485026,0.0286656777971739,0.428244236901663,0.652342294064673,0.101799121849536,0.56123776141703
"258",190,2.54387907426364,2.59071240987959,1.80265386653554,1.66323450498463,3.14278827614981,4.10612720836257,1.42964067114432,7.02920002137329,8.44733140221125,5.24542416942909,4.48713223922952,9.65884471795493
"259",299,0.906794466770092,2.67371977746132,0.00769400972644604,NA,1.85981324073986,0.0394109357490447,0.821607041277089,2.47312762610406,1.06379341190665,1.45573073887164,1.75097548132485,0.626111760844002
"260",312,1.27324474125271,0.0223465064168614,2.51176334262425,3.81100102545467,1.66684336590229,0.0163377471742978,0.0390591773516056,1.2864121836499,1.647925099996,0.567091636930964,0.12689936837307,0.416567726016489
"261",180,2.30048829013929,NA,1.58437274481484,2.81714047946394,3.81733341106267,4.91536778406024,1.38879328160103,3.35146414808054,3.36080930127115,1.73007796943218,3.62393215877813,1.54018334327245
"262",27,0.0254029298478594,0.00936269441817523,1.93102197043771,0.0143849149776031,0.40491851010011,0.0034225782639325,0.0360028586519193,0.0428732814521864,0.403569585841142,0.0268979905040116,0.0372176299078236,0.0268511861483338
"263",247,2.60241626340128,4.34601450833501,1.17547574601604,0.198183212489458,0.916109605485798,0.181359205485753,0.221993616590533,3.40988596758978,0.24734195343829,0.14252992366538,0.0676157907332231,0.31302020592384
"264",222,3.15667175676868,0.0964182287233035,5.2639179030671,3.14051925259972,3.07354632177188,7.74005458709918,6.97706783739082,4.70528368333575,2.7339544799743,3.05622183978894,5.13584385246463,3.82284698620385
"265",160,2.79642287533422,NA,2.79954814295042,NA,0.0249724966739023,0.00626204917289598,0.00598835290127159,0.351122265141238,0.685005640531245,0.246066745884546,0.369655655688514,0.40530364512413
"266",156,0.0228912109118815,0.658082602489428,0.0842951069325907,0.0129626041040909,0.0204989957704026,0.00616834053168886,0.0471899199755246,0.0699094660025488,0.37681115058629,0.0888743063841904,NA,0.0241962706285037
"267",183,0.0162985476572892,NA,2.23781908372994,0.664515160546952,0.201415000661911,0.046114529342541,0.0314992821900673,0.0628743872263415,0.729997364139753,0.74208454921711,0.0204676047226597,0.0387624385989098
"268",40,0.00914449700165996,0.0101110932731655,0.0036079178827644,0.730133751753059,0.0122832955024361,0.0110884772638157,0.0141384421531664,0.282211474328684,0.467334250335368,0.242067150312721,0.21244654113556,0.286350435110828
"269",141,NA,NA,0.011327953509935,NA,0.015426581748449,0.0754325563610594,0.0887822952839827,0.0380734473016768,0.107163224963407,0.0532020921730835,0.0180278009519216,0.0227612215153697
"270",229,0.0345401137431469,NA,1.30143942081139,NA,0.73769351524892,0.0767851587767425,2.83035799582296,2.71485250338573,4.02622076071324,2.14865981407652,2.5049200351808,3.93615821449361
"271",106,NA,NA,NA,0.0217815411284901,0.0206671305802599,0.00518244489712956,NA,0.0463703094883026,0.338672141280893,0.0882456371314184,0.169064051710633,1.13333853767897
"272",88,0.0238042053239779,NA,0.713779552050995,NA,0.00319748683981202,0.019243076972611,0.00920100853863432,0.0143482380169868,0.0273376680585179,0.0189038811446542,0.254091845617157,0.0141532403173032
"273",83,0.0570526472438044,0.0504666041365334,0.11254925569586,0.038768637386217,0.0766356558665482,0.816337780407749,0.0970309365134707,0.277863848180473,0.124490777611281,0.362462496960024,0.100304854114004,0.108549536176823
"274",67,NA,NA,0.0042157775163109,NA,0.579852193036644,0.034551084333883,0.0206505969931167,0.0489484943961389,0.018406868011401,0.016971027881775,NA,0.00423537428115812
"275",252,2.79065949580934,4.40805600674389,3.39886710551258,1.44285204108464,1.42956669637023,4.11954387626956,1.46725917497776,1.36657540967706,3.9513842305781,4.21210985975179,2.48144091474279,4.83000112823535
"276",243,3.1509367616521,4.72086542181204,0.00673814168945844,1.79878704577262,4.7027539374939,1.29084993402247,5.43941600000891,0.568234082614968,1.77500538136881,2.22425438328724,2.23046170059118,1.57728499514321
"277",150,0.0498776124082899,NA,0.995193888936344,0.0605232673730534,0.0382844740741443,0.0979213442645164,0.115674772102498,0.0652823964814959,0.106379696415267,0.882733289291816,0.0626359646729837,0.152514912562488
"278",12,2.44659354619044,2.26984156658376,1.83763954265076,2.21249921413294,2.86597073136764,1.87714289979848,3.12191017175376,2.9648370832989,6.93744648606865,8.64834922423674,8.13535039828274,7.62216920010111
"279",265,5.5978342558058,3.7465542571771,6.95312425244882,7.10627916643871,4.72035928827027,7.31379175863468,1.47173711174016,9.93401516358024,5.43587011001101,3.28266364955249,4.68282572416128,5.84312776248858
"280",42,0.087534814413418,0.077429971098258,0.0379900900456564,0.02974099925777,0.0423290375751082,0.838532684082093,0.0981206822602728,0.474862866201301,0.150792538593225,0.21317912651088,0.269317772691585,0.131848546398023
"281",313,NA,0.0208528811936752,0.00744088506882781,0.656789770875014,0.035465892045765,3.21685183927111,1.632892290184,0.0727532892175762,0.0108294289582412,0.209678113315298,0.0236835002561239,0.119607576548374
"282",15,22.4774866499076,23.8982565178932,20.6869204542676,19.5588817127384,23.699461602605,14.910781403166,19.6231242673083,19.3925265282986,25.8501615864614,24.2188336304574,24.0678957348602,22.2858077755871
"283",224,2.37886774346386,0.0357866670911166,3.07749122617272,1.70447014008952,0.130424533248284,3.16584142938853,0.0375306390357311,1.9508678117664,3.02004981296617,1.53359973598701,1.45303849121068,2.37337094300989
"284",85,0.609012594384816,NA,NA,NA,0.0535452762198921,NA,NA,0.00266973687766429,0.165315933953691,0.234492851145982,0.0903847280228496,0.144839980789617
"285",16,32.971890396712,30.1271535473649,35.0774295501363,25.797789903918,37.6510785905225,45.2900006980571,42.2621900739209,39.2797959930754,18.3109566639456,17.0269255042625,19.7549121620527,16.5327440890393
"286",23,0.382336380178871,0.117198101482133,0.00896132696053536,0.630224193507266,0.0244073464478884,0.048962666611164,0.0965717123147692,0.0292064723529723,0.0608639402034504,0.100207513532028,0.19490645452965,0.0510169042346686
"287",319,4.85444451432765,3.46094377061279,1.93748295828322,5.97015758488776,5.37265892082015,6.12885198169853,7.80980669238373,8.37827060615096,2.43234961809272,2.62961205945932,5.16645220954031,2.85286969728029
"288",112,0.0122586490778696,NA,0.00483659180144632,NA,0.0987981793138351,0.113962320212499,0.161102869525978,0.177336747696911,0.154861362626122,0.084370766876568,0.0230914915582144,0.0388725950457302
"289",72,0.00522532781993085,0.0346659484675405,0.0123697697192613,0.0266305135600447,1.08090951721451,0.0675856280535575,0.0727106100969921,0.0327560681430077,0.0300048406350952,0.0829928785317007,0.0459335166724389,0.0579939256457049
"290",255,0.341490454479875,2.41287207944578,0.00657236281698284,NA,0.899509674440923,0.0403986443337914,1.50668446712004,0.714907059971714,1.52089633872772,1.41989625889269,0.512517744593373,0.415983582869055
"291",289,1.39648471670197,0.0386024163564178,0.0413232311860479,NA,0.0328268577969367,0.0211669502264655,0.0134945355532457,0.694440466902138,0.0200472117817018,0.471327096068364,0.0328817992525722,0.0345960995930537
"292",73,0.00523900843283837,NA,NA,0.00890007861195698,0.0112596310036301,0.0423516102138965,0.00810010847553348,0.138946195159578,0.126350268887881,0.0388314103706263,0.24342710601458,0.149517672593052
"293",173,1.96917294605204,2.76382987566515,0.00573378478327231,4.74013312814407,3.3107431659624,3.9238451624949,1.44925903766975,3.76316900224725,4.1641167125371,3.06989479389124,3.49487347840159,1.7626939989854
"294",48,0.0401394632965187,0.00986273450098467,0.00703859320010402,NA,0.0167742133012323,0.0252375923562508,0.0103433697113859,0.0344099392770693,0.179268867295331,0.226676404976829,0.0392053383504865,0.632882391621105
"295",108,0.47013624422084,0.039986986503381,0.137928478941789,0.122872620929522,0.187833129255748,0.146174364700998,0.191040184706297,0.136603510614241,0.553766776009646,0.12764245647113,0.0983989802327007,0.281917523948842
"296",84,0.0215188942462133,0.011896747673456,0.0466959766565341,0.0365565073789978,0.474044243720396,0.0130467410918434,0.0124765053279433,0.0441005243332568,0.401588340089319,0.324691442520696,0.371570103850294,0.153533584919556
"297",306,4.24016431875313,0.371936727121042,2.68927194549947,0.225570954835816,0.946488451839709,1.68165098254141,4.05801463364797,0.853713287726297,3.00916958105571,3.37431561360014,2.30110074790843,1.93685534144396
"298",123,0.0186443192261226,0.0412301410729922,0.0343281290120747,0.0950194539135405,0.113532254476222,0.040191673707762,0.0240218815767789,0.260723033165813,0.256942268768302,0.210577168119953,0.054631286784396,0.0394145155025699
"299",282,7.7652129161459,4.07694823149085,8.64145570196071,0.894836328376313,10.8277177563828,14.2098172505688,3.45465480500048,7.24309706019217,4.42966418732281,4.96572056902014,6.3267398980102,6.43208054210807
"300",50,0.00908488002765021,NA,NA,0.0231502241682246,0.0610160766434448,0.0293764976868038,0.0456503692687785,0.0481888712150575,0.0417337073289632,0.0144293405235545,0.0399305558041238,0.00720211623871816
"301",26,0.0556204645986502,0.131199332751732,0.0263337483301758,0.0566931525735334,0.37256326341255,0.125896446761408,0.091728665067673,0.0733098079243798,0.12775337615886,0.259133353722535,0.330612916177872,0.214588845460741
"302",198,8.88335727750503,3.67206059480365,7.81475099888838,11.2203150273767,6.63740229222557,16.0177824006465,5.98086465928033,5.21719622811543,6.31958998567523,4.56511031192482,6.1435609261991,5.64923385658769
"303",102,0.0114880322318697,NA,0.639089350203231,NA,0.027776225451866,0.0232170204269567,0.0710472666280136,0.0692453365135646,0.230882742427494,0.0364924420608101,0.00721329616930396,0.0500897962107781
"304",205,1.52551567386807,2.41199461907967,3.55897198144041,0.0751177073121275,0.879051607655656,0.268089417994359,1.34452868891163,2.82874805393106,1.77735181357039,3.88607965664449,2.89673509279884,6.35062988336523
"305",43,0.0121832599914206,0.0449035371116701,0.0128182597206998,0.034495068123291,0.48877090428226,0.791188797538733,0.571380463758406,0.479781185899894,0.522357769059479,0.374108466703407,0.402890904627633,0.167411979266624
"306",92,NA,NA,NA,0.00925540680046251,0.0204910341059188,NA,0.0126352477889718,0.0919504127132554,0.175192930143947,0.0230752696712462,0.17104441179343,0.056148097963061
"307",295,2.74791217569648,7.23334812050313,3.22959892635945,1.52315238648554,2.4265476485954,2.99987533450875,3.45277971906015,6.30507539997804,1.52546629193839,3.0678654511079,3.16932336713108,0.8687397943924
"308",66,0.0999946776205922,0.105299396072214,0.0939343461358198,0.0323565587434173,0.122804391247299,0.0461912447129365,0.139879131851888,0.121693765996734,0.0929638902884339,0.22688518089384,0.0837150883601479,0.0717219552676471
"309",199,3.0880791998961,9.57934375506719,7.00363413414724,6.21844071292695,6.13569013886289,7.78045383464432,1.51867040891543,7.41822999321201,3.40039050170815,5.58937981266814,1.72157852864337,2.87945994794265
"310",193,0.727363455015796,3.46209441652526,0.497428183819221,1.01205793504457,1.86844777950449,0.00559993527411548,1.0014183063086,0.721524031955253,0.692132446100164,1.20293470061367,1.56585952143989,1.0489057713908
"311",230,2.38240335000049,4.83344836736418,2.8860116089356,1.05203747271845,2.68538601908811,5.33600914875513,3.70036572624685,0.969642164268607,4.15008501300887,3.66435191137336,3.86098490612462,2.21788841636893
"312",146,NA,NA,0.0431366021543879,0.0412744544761838,0.724510442224491,0.0785628839465808,3.0286428447845,0.530139363155194,0.244147582315555,0.045020537162312,0.305108784094537,0.115565652842212
"313",267,0.790615341326291,1.49860348477083,1.22396775519026,1.18960733109643,1.35934684942971,3.31736508846093,3.7544592468243,0.642664153187562,1.66894115977146,1.89753118610929,1.64529319295971,0.722274426973463
"314",60,NA,NA,0.00983970562308271,1.30632279862766,0.643193415829035,0.0201607234660959,0.00963977793263608,0.316683905032936,0.54895867375072,0.0528142729960516,0.219230733900883,1.02479111593987
"315",249,13.5613636903172,9.1539890457318,7.149382904631,6.80174745854834,10.3468172118549,5.53885864291408,2.75571872878132,4.90143974554807,15.0849124929204,17.6416743600334,14.3135346115297,12.52734297038
"316",218,NA,NA,NA,NA,0.00564650604010539,0.0509726024528918,0.0243723678428873,0.0152027045026178,0.265518745037714,0.0333827422636084,0.580678195531346,0.299921885939949
"317",135,NA,NA,NA,NA,0.00690015691885107,0.0570988572827039,1.13177602811459,0.0619268186461427,0.0221229447746131,0.0203972295756333,0.0967638774410241,0.0458139082311327
