Seq_Name,pBC_Seq,Replicate_1_BC_Normalized_Edit_Score,Replicate_2_BC_Normalized_Edit_Score,Replicate_3_BC_Normalized_Edit_Score,Replicate_4_BC_Normalized_Edit_Score
Erinaceus_europaeus_RNU6-8_ENSEEUG00000018029,CCTGA,22.608332832328244,24.364397601881695,23.14738855447745,23.169174947497595
Cairina_moschata_domestica_RNU6-8_ENSCMMG00000004654,AGGTA,18.819200573547587,18.96992523054282,18.127696290108716,18.572664233436186
Ochotona_princeps_RNU6-8_ENSOPRG00000020494,CCAGC,10.760476879749604,9.97171131619622,10.763645020021645,10.698870065524247
Podarcis_muralis_RNU6-8_ENSPMRG00000023411,ATGGA,16.72982935857592,16.95487652403318,17.334780485517474,17.178394283392976
Human_RNU6-8,ACTGA,8.552762995377446,8.64254934866473,8.55873359596645,8.811124350368344
Human_RNU6-2,CGGCT,10.862110605584604,10.943908930681578,11.688658675304126,10.860137977861463
Peromyscus_maniculatus_bairdii_RNU6-8_ENSPEMG00000030233,CCGGG,8.756036123814855,9.500480764867278,9.872868582026216,9.055643128078607
SynU61-47,ATAGA,2.143538334479139,2.074153667567422,2.0216215594424574,2.157188657106834
Podarcis_muralis_RNU6-8_ENSPMRG00000020949,ACCAT,17.512581180155994,18.314623475747258,19.175224830549283,18.843138991893237
Rhinolophus_ferrumequinum_RNU6-8_ENSRFEG00010002133,CGAAG,8.63185326818824,9.018346800772823,8.336960598047765,7.694273377055488
Dasypus_novemcinctus_RNU6-8_ENSDNOG00000039234,AATAC,10.7855944915003,12.210810563450195,11.091694121466638,11.985200672143739
Mus_musculus_RNU6-8_ENSMUSG00000064489,AAGAT,9.239833921277832,9.929538594680205,10.230681135711228,9.95462551561212
Camarhynchus_parvulus_RNU6-2_ENSCPVG00000016608,GCCAG,10.3833075679431,11.382196855485873,10.790632338642935,10.694014874351666
Echinops_telfairi_RNU6-8_ENSETEG00000021251,CGTCG,16.162543975461013,16.274148250023195,17.56646404297943,19.41272075956222
Ursus_thibetanus_thibetanus_RNU6-8_ENSUTTG00000011871,GATTG,11.929150339990201,9.427253257615176,10.012486327227702,10.411973012128609
Ornithorhynchus_anatinus_RNu6-2_ENSOANG00000045249,GGGGA,25.88518737800523,26.249639415243475,26.616235169922764,26.79765158225011
Myotis_lucifugus_RNU6-8_ENSMLUG00000030711,ACGAT,6.928941405582413,6.265796307806983,7.012172444572781,7.081302913820704
Manacus_vitellinus_RNu6-2_ENSMVIG00005019009,GCAGC,7.1689689333312465,6.838762852892792,6.855826432720673,6.996318356370841
Equus_caballus_RNU6-8_ENSECAG00000038440,CCTTA,4.237992156427796,4.623572526539893,4.3167233703937375,4.374044895828529
Cairina_moschata_domestica_RNU6-8_ENSCMMG00000005141,ACACG,11.044269264336423,10.211900686830344,11.134174843491023,11.750532181578514
Jaculus_jaculus_RNU6-8_ENSJJAG00000003449,AACTG,7.949694104075013,7.787018027724051,8.406717475161525,7.050041090004118
Canis_lupus_dingo_RNU6-8_ENSCAFG00020008041,GATAC,16.906363967195798,15.231087239667355,17.79337411768833,17.12485438142251
Taeniopygia_guttata_RNU6-2_ENSTGUG00000029504,TCGCC,4.183425891251292,4.454680462359101,4.317211077860305,4.235928842540819
Peromyscus_maniculatus_bairdii_RNU6-8_ENSPEMG00000029323,AGGTC,16.584340505322515,13.985371366200289,15.402709139224811,15.489682017199762
Camelus_dromedarius_U6_ENSCDRG00005003424,AGCAA,18.625382572919932,20.669846908949783,18.68662238199957,17.269342142421515
Junco_hyemalis_RNU6-2_ENSJHYG00000011766,ACAGG,4.620524764332169,4.4933399421436455,4.959341247170016,4.714125822741072
Camelus_dromedarius_RNU6-8_ENSCDRG00005015448,ACGTC,2.587794336710799,2.231282416212303,2.57372507892869,2.5883677931573117
Cavia_porcellus_RNU6-8_ENSCPOG00000037344,ATGTA,7.954761034649727,8.70165682597865,8.554464620962095,9.693238539287295
Cairina_moschata_domestica_RNU6-2_ENSCMMG00000009434,CGCTA,14.434286435575046,14.646266126997938,18.1465144025123,16.567037570305722
SynU61_3BP_Spacer-89,GCGTC,1.1633462509087484,0.8611749421876753,0.9247478566190906,1.0862710373131452
Human_RNU6-9,CCCTA,10.050127536284434,11.326772465344112,10.78763433509404,8.222338931699817
SynU61-49,CTATA,1.0422790921077576,0.7335234962822932,1.1204395986185691,1.0210250767695233
Weissman_pU6,CGTTG,12.23156090453293,13.50103012155637,12.653500017663484,12.62666867455661
SynU61_3BP_Spacer-93,CTGTA,1.4495703618499363,1.3870495242005596,1.431846086611778,1.719561569225471
Rattus_norvegicus_RNU6-8_ENSRNOG00000052473,AGCGC,3.7559170561757482,3.5033837301214312,3.7753797698161917,3.573863120043883
SynU61-18,CCTGG,2.4451998696679516,3.1240362536929847,2.4349786712880226,2.6553409339670084
Weissman_bU6-2,GACTA,5.575588594682681,5.495454959839138,4.555284383895104,5.844328431933161
SynU61_3BP_Spacer-103,ACGGC,1.8773652675666774,2.005601451437835,2.1630783061433236,2.0816343374830333
SynU61-22,AAGCG,1.5055358666009688,1.2498270271466556,1.2429256253805931,1.381935872504119
Dipodomys_ordii_RNU6-8_ENSDORG00000026904,ACGCT,7.996847079185181,7.497403423827719,6.581206968732443,8.151611638943605
Sorex_araneus_RNU6-8_ENSSARG00000015849,AAGCC,3.5568190120031384,5.405312488399865,4.278605129706737,4.431559947522217
Podarcis_muralis_RNU6-8_ENSPMRG00000023412,GCGCT,3.180421263896661,3.46012443225535,3.9001605296439252,4.1370602773256895
SynU61-10,CCAGG,18.362979855542225,4.441551644676538,4.888056836469418,8.291351406933043
Phasianus_colchicus_RNU6-2_ENSPCLG00000012535,CTGAT,6.7265853245928575,6.088110261740158,4.663299187151319,4.458614651172749
Salvator_merianae_RNU6-8_ENSSMRG00000013204,GCGTT,7.055479721824268,5.729916836681379,6.236778297359861,4.709880431264441
SynU61-24,CCGGT,2.4146289249668986,1.9293468707487647,1.97362696286431,1.869403706514447
Numida_meleagris_RNU6-2_ENSNMEG00000003235,TCCTG,4.76126326257332,5.862463208936197,5.1312491216939415,5.623283938493627
SynU61_3BP_Spacer-111,GGAAC,1.4315891185424126,1.4727850492101462,1.1935297022170535,1.6726812460238218
SynU61-38,GCTTG,1.5190058113722236,1.4506178851769098,1.0104836197964728,1.3308066987134566
SynU61_3BP_Spacer-87,AGGGA,1.2042135508440028,1.4413218854761378,1.564821197420295,1.6324188472798582
Dipodomys_ordii_RNU6-8_ENSDORG00000027479,CCAGT,6.329491696838739,5.1797068421313215,6.254173014281374,4.909037723087176
Weissman_sU6-1,AACTA,5.092166139239505,7.7484382016451345,4.586067488453381,6.21188436878648
SynU61-42,GAGCC,2.0914572631986434,1.2701545456277008,1.780850758491935,2.272594035335625
SynU61-5,AGGAG,3.0958171037575646,3.844004042083333,3.1483367218747236,3.1521525430246213
SynU61_3BP_Spacer-105,GGATA,0.8036554606655785,0.7754807116525491,0.8455611907796684,0.6236002498910339
Human_Weissman_RNU6-1,GGTTG,19.725619604360947,16.013086618547877,18.504011203655324,15.39188445088341
SynU6_VSPH-78,CCGCC,4.441634692350278,3.3232354853868933,4.388780831495071,3.829599969677959
SynU61_3BP_Spacer-99,CTGAA,2.337736688460182,2.9522428286244184,3.8267912839444636,3.34816533664959
Weissman_mU6,GCCAA,1.32096017012465,0.9591845015663655,1.170460874444717,1.2495465730177326
SynU61-50,AGTAC,4.01167148544802,3.6544682474271113,3.918889327729837,2.2922082740359095
SynU61-26,CCTAG,0.36306845889189726,0.42801709239805696,0.22421754647696734,0.2796531801954459
SynU61-7,CCTTT,1.2612554227411032,0.7077544193709886,1.1216222417460238,0.5335672274177639
Gopherus_evgoodei_RNU6-8_ENSGEVG00005009895,GCCAC,0.6571122843717687,0.7004921115894572,0.38853962456161895,0.5745643834274939
SynU6_VSPH-71,TCGTG,0.4206806676644083,0.4117417496889594,0.35344434639966543,0.49073863599079365
SynU61-8,GCTCG,12.936636987183926,14.470571712177644,17.000242026306477,8.727346792949511
SynU61-14,GAACG,1.2997006501369843,0.7346710495218036,0.7717756479825008,1.6112271682889667
SynU6_VSPH-75,GGCTG,3.4391701279052653,1.6324281858132352,2.5151486122159477,3.3364756406175777
SynU6_VSPH-65,CCCGA,9.591668070934022,12.281205218124622,8.638374298352389,7.084878013500623
SynU61-30,ATGAA,6.343037422314835,6.356071734635814,4.83892310882601,3.946157919333733
Rattus_norvegicus_RNU6-9_ENSRNOG00000059030,ACAAT,0.28149280016654815,0.3419045332498889,0.22125022240526143,0.2938436210277824
SynU61-48,TAGCC,1.1594964089085387,0.8450029519580751,1.2042856885683972,1.061728639897437
SynU6_VSPH-70,CGCAG,1.331095974184737,1.979233459273453,2.664985264583077,3.6589363014263525
SynU61_3BP_Spacer-102,GCAAG,1.0000499973115127,1.4869945173093655,1.225226013875775,1.0332940983298446
SynU61_3BP_Spacer-98,CCCAC,1.2788967240602913,1.984296355959631,0.8789697932324884,1.3962071837966235
SynU6_VSPH-72,GGGAC,1.4579228340081163,1.9143072892258908,0.9314056518338837,1.4279810958140673
SynU61_3BP_Spacer-108,ACGAC,0.08323286030982052,0.09267099508492345,0.06853534925391674,0.08942528910016494
Chelydra_serpentina_RNU6-2_ENSCSRG00000002895,AACCA,33.629658810862765,44.06761501310699,44.3325967504407,50.810156200558175
SynU61_3BP_Spacer-101,GCACC,0.7855187068773485,0.6926769254705205,0.8440863059471069,0.6266405914323278
SynU61-37,AGGAT,5.555639880134658,2.783528084330029,3.8598256102709736,4.196934195664685
SynU6_VSPH-64,ACCTA,1.4414796185765122,0.7222208580588934,0.8902040798592582,1.5971216655489673
SynU61_3BP_Spacer-104,ACCCC,3.3512522955542012,3.5041448205819803,1.2147702044684197,1.8492117458410882
SynU6_VSPH-56,CCCCG,4.113095676804008,4.12154768017213,3.29057705697783,5.19747037964561
SynU6_VSPH-69,CCACC,2.7577777461665245,1.0527408402704983,1.3381505791882777,2.380944559124578
SynU61_3BP_Spacer-91,AACCG,16.89295015691807,11.849364444939644,15.648684473317115,9.188319119022395
SynU6_VSPH-62,ACCAC,3.96497844074866,5.1650639012675965,3.856581046279806,2.156608933030147
Sorex_araneus_RNU6-8_ENSSARG00000014692,GATGC,0.3202599838879006,0.7844664333420415,0.46148813209939893,0.7096793493075388
SynU61-6,AGGGC,0.5029754659121412,0.7280130441587861,0.8800868800497327,0.6754953254348329
SynU6_VSPH-73,CCCCC,3.4170295278742833,4.565401579193075,0.8792625263631108,2.179806221092412
SynU61-45,CGATG,0.12123714362420666,0.07146251407111237,0.0528504992952582,0.03878978245364005
SynU61_3BP_Spacer-95,GCGTA,0.45696111254976124,0.515137637565123,0.7672370937760054,0.24164363286840893
SynU61_3BP_Spacer-88,ACTCG,3.3825923919936196,5.326425159971121,3.5810793802795735,3.650477709202915
SynU61-40,CAGTA,1.135868845616224,0.8130021023947436,1.2776779706968058,1.176791313922987
SynU61-29,ACCGA,2.1871367773631802,1.8785409654472507,2.3154756788920183,2.5491754777700186
SynU61_3BP_Spacer-84,ACTTG,7.216395660580735,12.237457078669594,4.627983767933228,4.361224034788006
Callorhinchus_milii_RNU6-8_ENSCMIG00000009578,AAGAA,0.19088521696987468,0.20599111846311846,0.34004883047879864,0.23959666456184173
Danio_rerio_RNU6-8_ENSDARG00000091605,AGAAA,0.9824152125424495,1.0601596689320318,1.1900712982043378,0.31969645950070114
Amazona_collaria_RNU6-8_ENSACOG00000009282,AATTG,0.5410397157796539,0.2710757493471843,0.58472043118444506,1.0626752537485504
Lynx_canadensis_RNU6-9_ENSLCNG00005013388,ACGCC,2.9669293828103753,3.9640348376103267,5.0387287269180145,1.4942182060628657
Panthera_leo_RNU6-9_ENSPLOG00000018148,ATTGA,0.25571768953057467,0.29895035800134356,0.5132455670067511,0.30908563946768164
SynU6_VSPH-66,CCACA,0.3105666870246871,0.05186747845684087,0.07192290346015268,0.1564089798151338
SynU61_3BP_Spacer-110,ACGTT,2.6025208666394826,3.319105731079983,2.8491625069334203,2.144770632259731
SynU6_VSPH-67,GTGTG,2.3381341043797366,2.5559331686087705,1.9690151817430528,3.725313184960374
SynU61_3BP_Spacer-92,GCAGA,0.5901723955543107,0.21504914227246164,1.2425061553520005,0.3890948774108264
SynU6_VSPH-81,GGGAA,2.1689978775674015,3.1613890224300407,7.48897932868983,5.004996664903624
Bos_grunniens_U6_ENSBGRG00000005310,CGCTG,0.14796907935684556,0.17792776935379997,0.13707028157626072,0.09836751880218499
Panthera_pardus_RNU6-9_ENSPPRG00000018146,AAGTA,0.5596812219125319,0.8973300980353218,0.829531823961542,0.9132560548787406
SynU61-12,TCATA,3.455354533430948,2.7699639552271362,3.2008472371513568,1.4617688890813987
Microcebus_murinus_RNU6-9_ENSMICG00000046889,TTGCG,0.11307078315488026,NA,0.023276100283854084,0.007592694936507995
SynU61-31,AGATA,1.8224034311659154,NA,2.2508968544077934,1.5908653671103836
Balaenoptera_musculus_RNU6-9_ENSBMSG00010017245,AGGCA,0.21277379872037772,0.47380228390613477,0.26280233347326937,0.542934319241514
SynU61-1,CCCCA,5.580407637756473,7.455833095420597,6.318128193452713,0.7494479410619589
SynU6_VSPH-74,CCCAG,0.9040122986558834,0.9058699542013534,1.6748528931011688,0.4097544345626325
SynU6_VSPH-59,CGAAC,1.598199029152739,2.402224754291207,1.66554249630857,3.2598130934415366
Phocoena_sinus_U6_ENSPSNG00000017285,CTGGA,0.044161578172624984,0.0331892443743649,0.030681612577190664,0.04003353166858971
Lynx_canadensis_RNU6-9_ENSLCNG00005017047,ATATG,0.21524916224518997,NA,NA,NA
SynU61-41,CTGCG,0.2510697557083298,0.6469346034931768,0.6977309501378263,0.5635828489363011
Nomascus_leucogenys_U6_ENSNLEG00000029709,CCGTC,0.3397277030887547,0.3890580683414067,0.494536033536188,0.23464481933032993
SynU61-33,GCTAC,0.054471171289771254,NA,0.06487591806378516,0.0047028024318422545
SynU61-2,AGTTA,1.15210382831264,2.6387915138904803,0.6098540387657999,1.0941436016440078
SynU61-15,GTGTA,0.227987593123527,NA,0.331877792048403,0.3149352090609507
Podarcis_muralis_RNU6-9_ENSPMRG00000006903,ACTCA,0.8153858162921661,0.9337844036720593,0.10790397553543796,0.3519842064116355
SynU61_3BP_Spacer-112,GCGGT,0.5465700640737546,0.7302576150737278,0.253155973225559,0.770744948298089
Balaenoptera_musculus_RNU6-9_ENSBMSG00010018879,CCCAT,0.11022583888347993,0.14726978938914076,0.06807136931764729,0.08881988560562885
SynU6_VSPH-63,GGGCC,0.4241554246392662,0.8500540438742119,0.6548564486142077,1.0680752318681395
Panthera_pardus_RNU6-9_ENSPPRG00000016587,ACACC,0.6664136099592152,0.2225943412608033,0.20577610214332037,0.3356221939552577
SynU6_VSPH-61,ACTAC,0.9180269593338177,1.533189022693246,0.42520442229359356,0.8322134957552619
Anolis_carolinensis_RNU6-9_ENSACAG00000019134,CTTGA,0.05682210767073799,0.18979623820696645,0.22809290138294988,0.1430850162467578
Physeter_catodon_RNU6-9_ENSPCTG00005021670,AGCTG,0.25771136734300015,0.20659275089887844,0.33422116145418557,0.2803458557269663
Canis_lupus_familiaris_RNU6-9_ENSCAFG00040017513,CGGTC,0.11380000213611804,0.09122707987617777,0.2740866933168719,0.04126497446801783
SynU61-35,ATTAC,1.5530933138892424,3.112569532992205,2.5896578514495143,5.819387806016564
SynU61-36,GCAAC,0.19865825862813052,0.07962659265266801,0.11041554181169966,0.4802359587741408
Capra_hircus_RNU6-9_ENSCHIG00000006050,ATATA,0.11443627836328885,0.045868573422754355,0.06360442181288604,0.12448708302907895
Rhinolophus_ferrumequinum_RNU6-9_ENSRFEG00010006397,AGTAT,0.13718269531061544,NA,0.09530878387910903,0.08290627289378828
Phocoena_sinus_U6_ENSPSNG00000016082,ATGTG,0.1692849242052541,0.6785311516880882,0.15681608839013592,0.30692170228585003
Salvator_merianae_RNU6-8_ENSSMRG00000000588,AGTCG,1.0653218110808103,1.6012664124951657,1.480281839106642,1.6095663631113957
SynU61-19,GCTTA,1.8991256685649578,1.9030281833150333,3.9582986212952687,3.156272255025574
Scleropages_formosus_RNU6-8_ENSSFOG00015026611,CGTCA,1.0229967752709803,1.0250989321060207,4.264411557561045,2.472989749269588
Microcebus_murinus_RNU6-8_ENSMICG00000048121,GTGCG,0.12890616347125977,NA,0.0398038207277743,0.025968118749091617
Bos_indicus_x_Bos_taurus_RNU6-9_ENSBIXG00000026637,CGGAC,0.06415432311771983,0.128572307768104,0.039619318541875004,0.24555361579618779
Salmo_salar_RNU6-8_ENSSSAG00000001052,CGTTA,0.05072329672047119,0.03388501870710758,0.09397445188104502,0.07152738007080592
Latimeria_chalumnae_RNU6-8_ENSLACG00000021680,CCATT,0.02152177305937102,0.10782999083425947,0.08971455237410386,0.0585300131237577
SynU6_VSPH-53,AGGGG,0.08525155185541465,0.17085347066557008,0.15794454177083808,0.20608688017801394
Bos_grunniens_RNU6-9_ENSBGRG00000008949,TCGAG,0.17093669983054552,0.17128795778227546,NA,0.1549582254338986
SynU6_VSPH-77,ACGAG,0.09801137519586837,0.294638336531159,0.04539612888776376,0.05923311100051953
Esox_lucius_RNU6-8_ENSELUG00000025124,AGTGC,0.0498142702660989,0.14974990094145388,0.02307257733023882,0.0752630547776994
Varanus_komodoensis_RNU6-8_ENSVKKG00000007000,AGCCC,0.028943268068534155,0.029002743611634043,0.09383998821897593,0.043729613190182696
SynU61-39,GCCTA,0.13849705992126993,0.8326899457968101,0.2565918647788689,0.08370060829335253
SynU6_VSPH-76,AATGA,0.18647600530639075,0.37371838997702145,0.08637047235024495,0.22539330560709311
Meleagris_gallopavo_RNU6-2_ENSMGAG00000017138,ACATT,0.027575764153211176,0.2763242961149748,NA,0.01666539517221426
SynU6_VSPH-57,GGGTG,0.10747037705893935,1.5076770522346472,0.39821819284419885,1.0391944422170605
SynU61_3BP_Spacer-90,GGATG,0.03737514827013524,0.22471170294082934,0.06924449512843334,0.06776293981351421
Rhinolophus_ferrumequinum_RNU6-2_ENSRFEG00010005089,CGCCC,0.02589451789812437,0.05189545712445908,NA,0.031298670177810094
Clupea_harengus_RNU6-8_ENSCHAG00000005131,CGATA,0.061381741868629755,0.12301575051137843,0.056860613569703795,0.11128804760398008
Phocoena_sinus_RNU6-9_ENSPSNG00000019978,GCCCA,0.599157597266668,1.2007776133186283,NA,NA
